outPkts,inPkts,outByts,inByts,outData,outDataByts,inData,inDataByts,outPkts/s,inPkts/s,outByts/s,inByts/s,byts/s,pkts/s,outPktLenMax,outPktLenMin,outPktLenMean,inPktLenMax,inPktLenMin,inPktLenMean,FIN,SYN,RST,PSH,ACK,URG,CWR,ECE
5,5,355,416,0,0,0,0,11.07,11.07,785.67,920.67,1706.34,22.14,139,139,71.0,200,200,83.2,1,1,0,1,1,0,0,0
4,3,512,384,0,0,0,0,344.05,258.04,44038.3,33028.72,77067.02,602.09,348,348,128.0,272,272,128.0,0,1,0,1,1,0,0,0
4,3,517,384,0,0,0,0,97.73,73.3,12631.46,9381.97,22013.43,171.03,353,353,129.25,272,272,128.0,0,1,0,1,1,0,0,0
24,22,2557,16810,6,748,4,3228,8.32,7.62,885.9,5824.02,6709.92,15.940000000000001,569,569,106.54166666666667,1480,1480,764.0909090909091,0,1,0,1,1,0,0,0
9,8,1345,5674,2,336,1,1421,90.67,80.59,13549.8,57161.03,70710.83,171.26,569,569,149.44444444444446,1480,1480,709.25,0,1,0,1,1,0,0,0
16,13,1870,5041,5,482,7,894,32.83,26.68,3837.46,10344.73,14182.189999999999,59.51,569,569,116.875,1470,1470,387.7692307692308,0,1,0,1,1,0,0,0
10,6,2044,3516,0,0,0,0,4.22,2.53,863.51,1485.37,2348.88,6.75,431,431,204.4,851,851,586.0,0,1,0,1,1,0,0,0
10,7,1868,3676,2,687,2,347,10.12,7.08,1889.73,3718.76,5608.49,17.2,603,603,186.8,1500,1500,525.1428571428571,0,1,0,1,1,0,0,0
43,48,3628,59096,5,836,29,33566,69.89,78.02,5896.71,96050.77,101947.48000000001,147.91,615,615,84.3720930232558,1470,1470,1231.1666666666672,0,1,0,1,1,0,0,0
4,3,602,866,0,0,0,0,177.77,133.33,26754.09,38486.78,65240.869999999995,311.1,438,438,150.5,754,754,288.6666666666667,0,1,0,1,1,0,0,0
3,1,907,52,2,218,0,0,183.39,61.13,55446.41,3178.85,58625.26,244.51999999999998,569,569,302.3333333333333,52,52,52.0,0,0,0,1,1,0,0,0
56,73,5569,96348,6,2104,8,11094,39.42,51.39,3920.24,67823.11,71743.35,90.81,569,569,99.44642857142857,1480,1480,1319.835616438356,0,1,0,1,1,0,0,0
14,11,2577,5745,4,1298,2,1200,17.63,13.85,3245.84,7236.08,10481.92,31.479999999999997,569,569,184.07142857142858,1480,1480,522.2727272727273,0,1,0,1,1,0,0,0
13,12,1582,11727,2,365,1,1423,19.87,18.34,2417.66,17921.59,20339.25,38.21,569,569,121.6923076923077,1480,1480,977.25,0,1,0,1,1,0,0,0
4,5,733,1704,0,0,0,0,6.15,7.68,1126.2,2618.06,3744.26,13.83,569,569,183.25,1480,1480,340.8,0,1,0,1,1,0,0,0
10,8,1619,4146,1,747,1,265,17.26,13.81,2794.6,7156.52,9951.12,31.07,804,804,161.9,1500,1500,518.25,0,1,0,1,1,0,0,0
10,8,1631,4146,1,759,1,265,17.57,14.05,2865.24,7283.43,10148.67,31.62,816,816,163.1,1500,1500,518.25,0,1,0,1,1,0,0,0
10,8,1631,4146,1,759,1,265,17.03,13.62,2777.45,7060.27,9837.720000000001,30.65,816,816,163.1,1500,1500,518.25,0,1,0,1,1,0,0,0
4,5,180,260,0,0,0,0,1.89,2.36,85.05,122.85,207.89999999999998,4.25,60,60,45.0,60,60,52.0,0,1,1,0,1,0,0,0
4,5,180,260,0,0,0,0,1.88,2.35,84.54,122.11,206.65,4.23,60,60,45.0,60,60,52.0,0,1,1,0,1,0,0,0
4,3,595,963,0,0,0,0,57.46,43.09,8546.76,13832.82,22379.58,100.55000000000001,431,431,148.75,851,851,321.0,0,1,0,1,1,0,0,0
2,1,112,60,0,0,0,0,69.13,34.57,3871.39,2073.96,5945.35,103.69999999999999,60,60,56.0,60,60,60.0,0,1,0,0,1,0,0,0
14,9,2604,4192,1,1189,1,230,15.75,10.13,2929.76,4716.42,7646.18,25.880000000000003,1246,1246,186.0,1500,1500,465.77777777777777,1,1,0,1,1,0,0,0
4,3,595,962,0,0,0,0,62.24,46.68,9258.37,14968.99,24227.36,108.92,431,431,148.75,850,850,320.6666666666667,0,1,0,1,1,0,0,0
3,3,180,156,1,19,0,0,14.13,14.13,847.8,734.76,1582.56,28.26,76,76,60.0,52,52,52.0,1,0,0,1,1,0,0,0
39,37,3419,6972,13,867,23,2316,29.33,27.82,2570.88,5242.52,7813.400000000001,57.15,569,569,87.66666666666667,1470,1470,188.43243243243242,1,1,1,1,1,0,0,0
4,3,602,866,0,0,0,0,632.08,474.06,95127.57,136844.64,231972.21000000002,1106.14,438,438,150.5,754,754,288.6666666666667,0,1,0,1,1,0,0,0
2,1,104,52,0,0,0,0,69.99,35.0,3639.64,1819.82,5459.46,104.99,52,52,52.0,52,52,52.0,1,0,0,0,1,0,0,0
1,1,40,60,0,0,0,0,981.58,981.58,39263.32,58894.98,98158.3,1963.16,40,40,40.0,60,60,60,0,1,1,0,1,0,0,0
1,1,40,60,0,0,0,0,159.74,159.74,6389.62,9584.42,15974.04,319.48,40,40,40.0,60,60,60,0,1,1,0,1,0,0,0
35,48,3608,6110,15,1065,33,3229,16.92,23.2,1743.73,2952.94,4696.67,40.120000000000005,686,686,103.08571428571429,632,632,127.29166666666664,0,1,0,1,1,0,0,0
1,1,52,52,0,0,0,0,42.01,42.01,2184.73,2184.73,4369.46,84.02,52,52,52,52,52,52.0,0,0,0,0,1,0,0,0
1,1,40,60,0,0,0,0,968.44,968.44,38737.51,58106.27,96843.78,1936.88,40,40,40.0,60,60,60,0,1,1,0,1,0,0,0
2,2,104,104,0,0,0,0,0.2,0.2,10.15,10.15,20.3,0.4,52,52,52.0,52,52,52.0,0,0,0,0,1,0,0,0
12,7,1149,4142,1,189,1,64,97.95,57.14,9378.83,33809.5,43188.33,155.09,251,251,95.75,1470,1470,591.7142857142857,1,1,0,1,1,0,0,0
4,6,160,326,0,0,1,33,166.97,250.46,6678.83,13608.11,20286.940000000002,417.43,40,40,40.0,90,90,54.333333333333336,1,0,1,1,1,0,0,0
6,4,904,648,0,0,0,0,0.34,0.22,50.48,36.19,86.66999999999999,0.56,348,348,150.66666666666666,272,272,162.0,0,0,0,1,1,0,0,0
3,3,156,156,0,0,0,0,0.07,0.07,3.78,3.78,7.56,0.14,52,52,52.0,52,52,52.0,0,0,0,0,1,0,0,0
2,2,104,104,0,0,0,0,0.2,0.2,10.16,10.16,20.32,0.4,52,52,52.0,52,52,52.0,0,0,0,0,1,0,0,0
2,2,104,104,0,0,0,0,0.2,0.2,10.26,10.26,20.52,0.4,52,52,52.0,52,52,52.0,0,0,0,0,1,0,0,0
6,4,1070,1806,0,0,0,0,0.15,0.1,27.37,46.19,73.56,0.25,431,431,178.33333333333334,851,851,451.5,0,0,0,1,1,0,0,0
4,4,960,478,1,747,1,265,0.1,0.1,24.62,12.26,36.88,0.2,804,804,240.0,322,322,119.5,0,0,0,1,1,0,0,0
5,3,862,596,0,0,0,0,0.41,0.25,70.58,48.8,119.38,0.6599999999999999,353,353,172.4,272,272,198.66666666666666,0,0,0,1,1,0,0,0
13,10,1692,7121,1,679,1,1443,0.55,0.42,71.85,302.39,374.24,0.97,736,736,130.15384615384616,1500,1500,712.1,1,1,1,1,1,0,0,0
3,3,156,156,0,0,0,0,0.07,0.07,3.76,3.76,7.52,0.14,52,52,52.0,52,52,52.0,0,0,0,0,1,0,0,0
4,3,1847,426,2,1629,1,265,0.1,0.08,46.52,10.73,57.25,0.18,904,904,461.75,322,322,142.0,0,0,0,1,1,0,0,0
4,4,1165,478,1,952,1,265,0.31,0.31,89.46,36.7,126.16,0.62,1009,1009,291.25,322,322,119.5,0,0,0,1,1,0,0,0
1,1,40,60,0,0,0,0,996.27,996.27,39850.87,59776.3,99627.17000000001,1992.54,40,40,40.0,60,60,60,0,1,1,0,1,0,0,0
2,2,104,104,0,0,0,0,0.2,0.2,10.16,10.16,20.32,0.4,52,52,52.0,52,52,52.0,0,0,0,0,1,0,0,0
2,2,104,104,0,0,0,0,0.19,0.19,10.13,10.13,20.26,0.38,52,52,52.0,52,52,52.0,0,0,0,0,1,0,0,0
4,3,587,955,0,0,0,0,0.1,0.08,15.01,24.42,39.43,0.18,431,431,146.75,851,851,318.3333333333333,0,0,0,1,1,0,0,0
20,18,2161,5811,6,791,8,1126,109.64,98.67,11846.47,31855.56,43702.03,208.31,378,378,108.05,1470,1470,322.8333333333333,0,1,0,1,1,0,0,0
3,3,120,270,0,0,3,99,189.58,189.58,7583.04,17061.83,24644.870000000003,379.16,40,40,40.0,90,90,90.0,1,0,1,1,1,0,0,0
1,0,60,0,0,0,0,0,0,0,0,0,0,0,60,60,60,0,0,0,0,1,0,0,0,0,0,0
2,2,80,166,0,0,0,0,1.26,1.26,50.58,104.95,155.53,2.52,40,40,40.0,83,83,83.0,1,0,1,1,1,0,0,0
2,2,80,228,0,0,2,52,1.14,1.14,45.41,129.43,174.84,2.28,40,40,40.0,114,114,114.0,1,0,1,1,1,0,0,0
2,2,80,166,0,0,0,0,1.21,1.21,48.5,100.64,149.14,2.42,40,40,40.0,83,83,83.0,1,0,1,1,1,0,0,0
2,2,80,166,0,0,0,0,1.05,1.05,42.19,87.55,129.74,2.1,40,40,40.0,83,83,83.0,1,0,1,1,1,0,0,0
2,2,80,166,0,0,0,0,0.86,0.86,34.38,71.34,105.72,1.72,40,40,40.0,83,83,83.0,1,0,1,1,1,0,0,0
0,1,0,90,0,0,1,33,0,0,0,0,0,0,0,0,0,90,90,90,1,0,0,1,1,0,0,0
1,1,40,83,0,0,0,0,65.81,65.81,2632.22,5461.85,8094.07,131.62,40,40,40.0,83,83,83,1,0,1,1,1,0,0,0
1,1,40,83,0,0,0,0,43.53,43.53,1741.17,3612.93,5354.1,87.06,40,40,40.0,83,83,83,1,0,1,1,1,0,0,0
1,1,40,114,0,0,1,26,83.23,83.23,3329.34,9488.62,12817.960000000001,166.46,40,40,40.0,114,114,114,1,0,1,1,1,0,0,0
1,1,40,83,0,0,0,0,84.12,84.12,3365.0,6982.37,10347.369999999999,168.24,40,40,40.0,83,83,83,1,0,1,1,1,0,0,0
4,3,512,384,0,0,0,0,145.23,108.92,18589.55,13942.16,32531.71,254.14999999999998,348,348,128.0,272,272,128.0,0,1,0,1,1,0,0,0
4,3,517,384,0,0,0,0,26.01,19.51,3361.69,2496.88,5858.57,45.52,353,353,129.25,272,272,128.0,0,1,0,1,1,0,0,0
1,1,40,83,0,0,0,0,85.99,85.99,3439.43,7136.83,10576.26,171.98,40,40,40.0,83,83,83,1,0,1,1,1,0,0,0
7,6,953,4299,1,53,0,0,60.45,51.81,8229.81,37124.84,45354.649999999994,112.26,569,569,136.14285714285714,1480,1480,716.5,0,1,0,1,1,0,0,0
12,8,1972,4170,2,687,2,292,13.98,9.32,2296.99,4857.24,7154.23,23.3,603,603,164.33333333333331,1500,1500,521.25,0,1,0,1,1,0,0,0
12,11,2055,5745,3,885,2,1200,14.61,13.4,2502.6,6996.33,9498.93,28.009999999999998,569,569,171.25,1480,1480,522.2727272727273,0,1,0,1,1,0,0,0
10,9,1530,5036,2,469,1,600,13.84,12.45,2116.77,6967.35,9084.12,26.29,569,569,153.0,1480,1480,559.5555555555555,0,1,0,1,1,0,0,0
8,5,1561,2664,0,0,0,0,8.22,5.14,1604.61,2738.43,4343.04,13.36,431,431,195.125,851,851,532.8,0,1,0,1,1,0,0,0
11,11,1025,5939,0,0,0,0,6.35,6.35,591.32,3426.18,4017.5,12.7,569,569,93.18181818181819,1480,1480,539.9090909090909,1,1,1,1,1,0,0,0
7,6,953,4267,1,53,0,0,8.5,7.29,1157.83,5184.12,6341.95,15.79,569,569,136.14285714285714,1480,1480,711.1666666666666,0,1,0,1,1,0,0,0
10,8,1620,4146,1,748,1,265,13.23,10.59,2143.77,5486.46,7630.23,23.82,805,805,162.0,1500,1500,518.25,0,1,0,1,1,0,0,0
10,8,1631,4146,1,759,1,265,13.81,11.05,2252.48,5725.8,7978.280000000001,24.86,816,816,163.1,1500,1500,518.25,0,1,0,1,1,0,0,0
10,8,1631,4146,1,759,1,265,14.39,11.51,2347.6,5967.6,8315.2,25.9,816,816,163.1,1500,1500,518.25,0,1,0,1,1,0,0,0
4,5,180,260,0,0,0,0,1.77,2.22,79.82,115.3,195.12,3.99,60,60,45.0,60,60,52.0,0,1,1,0,1,0,0,0
8,7,1005,4327,1,53,0,0,11.13,9.74,1398.02,6019.12,7417.139999999999,20.87,569,569,125.625,1480,1480,618.1428571428571,0,1,0,1,1,0,0,0
10,8,1631,4146,1,759,1,265,14.68,11.75,2394.81,6087.6,8482.41,26.43,816,816,163.1,1500,1500,518.25,0,1,0,1,1,0,0,0
4,3,595,962,0,0,0,0,55.46,41.59,8249.49,13337.83,21587.32,97.05000000000001,431,431,148.75,850,850,320.6666666666667,0,1,0,1,1,0,0,0
4,3,595,963,0,0,0,0,75.82,56.87,11278.68,18254.4,29533.08,132.69,431,431,148.75,851,851,321.0,0,1,0,1,1,0,0,0
2,1,112,60,0,0,0,0,67.35,33.67,3771.49,2020.44,5791.93,101.02,60,60,56.0,60,60,60.0,0,1,0,0,1,0,0,0
0,1,0,83,0,0,1,26,0,0,0,0,0,0,0,0,0,83,83,83,1,0,0,1,1,0,0,0
1,1,40,83,0,0,0,0,84.67,84.67,3386.67,7027.34,10414.01,169.34,40,40,40.0,83,83,83,1,0,1,1,1,0,0,0
1,1,40,83,0,0,0,0,327.94,327.94,13117.45,27218.7,40336.15,655.88,40,40,40.0,83,83,83,1,0,1,1,1,0,0,0
3,2,180,104,1,19,0,0,78.72,52.48,4722.9,2728.79,7451.69,131.2,76,76,60.0,52,52,52.0,1,0,0,1,1,0,0,0
1,1,40,114,0,0,1,26,84.44,84.44,3377.53,9625.97,13003.5,168.88,40,40,40.0,114,114,114,1,0,1,1,1,0,0,0
3,3,180,156,1,19,0,0,16.74,16.74,1004.12,870.24,1874.3600000000001,33.48,76,76,60.0,52,52,52.0,1,0,0,1,1,0,0,0
0,1,0,60,0,0,0,0,0,0,0,0,0,0,0,0,0,60,60,60,0,1,0,0,1,0,0,0
1,1,40,83,0,0,0,0,85.98,85.98,3439.22,7136.39,10575.61,171.96,40,40,40.0,83,83,83,1,0,1,1,1,0,0,0
0,1,0,60,0,0,0,0,0,0,0,0,0,0,0,0,0,60,60,60,0,1,0,0,1,0,0,0
0,1,0,60,0,0,0,0,0,0,0,0,0,0,0,0,0,60,60,60,0,1,0,0,1,0,0,0
3,3,180,156,1,19,0,0,15.26,15.26,915.69,793.6,1709.29,30.52,76,76,60.0,52,52,52.0,1,0,0,1,1,0,0,0
2,1,104,52,0,0,0,0,299.44,149.72,15571.06,7785.53,23356.59,449.15999999999997,52,52,52.0,52,52,52.0,1,0,0,0,1,0,0,0
1,1,40,60,0,0,0,0,84.42,84.42,3376.65,5064.97,8441.62,168.84,40,40,40.0,60,60,60,0,1,1,0,1,0,0,0
0,1,0,60,0,0,0,0,0,0,0,0,0,0,0,0,0,60,60,60,0,1,0,0,1,0,0,0
1,1,40,83,0,0,0,0,85.12,85.12,3404.61,7064.56,10469.17,170.24,40,40,40.0,83,83,83,1,0,1,1,1,0,0,0
42,55,3979,9217,17,1179,38,3526,34.57,45.27,3274.99,7586.21,10861.2,79.84,569,569,94.73809523809524,1470,1470,167.5818181818182,0,1,0,1,1,0,0,0
4,3,602,866,0,0,0,0,573.7,430.27,86341.51,124205.56,210547.07,1003.97,438,438,150.5,754,754,288.6666666666667,0,1,0,1,1,0,0,0
1,1,52,52,0,0,0,0,79.3,79.3,4123.65,4123.65,8247.3,158.6,52,52,52,52,52,52.0,0,0,0,0,1,0,0,0
1,1,52,52,0,0,0,0,78.94,78.94,4104.87,4104.87,8209.74,157.88,52,52,52,52,52,52.0,0,0,0,0,1,0,0,0
1,1,52,52,0,0,0,0,5.86,5.86,304.88,304.88,609.76,11.72,52,52,52,52,52,52.0,0,0,0,0,1,0,0,0
2,2,892,374,1,783,1,265,8.89,8.89,3963.97,1662.02,5625.99,17.78,840,840,446.0,322,322,187.0,0,0,0,1,1,0,0,0
1,1,52,52,0,0,0,0,7.17,7.17,373.06,373.06,746.12,14.34,52,52,52,52,52,52.0,0,0,0,0,1,0,0,0
1,1,52,52,0,0,0,0,19.32,19.32,1004.8,1004.8,2009.6,38.64,52,52,52,52,52,52.0,0,0,0,0,1,0,0,0
1,1,52,52,0,0,0,0,13.57,13.57,705.79,705.79,1411.58,27.14,52,52,52,52,52,52.0,0,0,0,0,1,0,0,0
1,1,52,52,0,0,0,0,16.38,16.38,851.99,851.99,1703.98,32.76,52,52,52,52,52,52.0,0,0,0,0,1,0,0,0
3,3,1113,426,1,952,1,265,1.42,1.42,525.58,201.16,726.74,2.84,1009,1009,371.0,322,322,142.0,0,0,0,1,1,0,0,0
1,1,52,52,0,0,0,0,5.63,5.63,292.69,292.69,585.38,11.26,52,52,52,52,52,52.0,0,0,0,0,1,0,0,0
1,1,52,52,0,0,0,0,6.46,6.46,335.85,335.85,671.7,12.92,52,52,52,52,52,52.0,0,0,0,0,1,0,0,0
4,2,800,544,0,0,0,0,1.5,0.75,300.23,204.16,504.39,2.25,348,348,200.0,272,272,272.0,0,0,0,1,1,0,0,0
4,2,810,544,0,0,0,0,1.46,0.73,295.83,198.68,494.51,2.19,353,353,202.5,272,272,272.0,0,0,0,1,1,0,0,0
1,1,40,60,0,0,0,0,86.69,86.69,3467.73,5201.59,8669.32,173.38,40,40,40.0,60,60,60,0,1,1,0,1,0,0,0
0,1,0,83,0,0,0,0,0,0,0,0,0,0,0,0,0,83,83,83,1,0,0,1,1,0,0,0
0,1,0,83,0,0,0,0,0,0,0,0,0,0,0,0,0,83,83,83,1,0,0,1,1,0,0,0
0,1,0,114,0,0,1,26,0,0,0,0,0,0,0,0,0,114,114,114,1,0,0,1,1,0,0,0
1,1,52,52,0,0,0,0,1039.48,1039.48,54052.99,54052.99,108105.98,2078.96,52,52,52,52,52,52.0,0,0,0,0,1,0,0,0
1,1,52,52,0,0,0,0,4.1,4.1,213.38,213.38,426.76,8.2,52,52,52,52,52,52.0,0,0,0,0,1,0,0,0
1,1,52,52,0,0,0,0,6.09,6.09,316.88,316.88,633.76,12.18,52,52,52,52,52,52.0,0,0,0,0,1,0,0,0
1,1,52,52,0,0,0,0,4.23,4.23,219.98,219.98,439.96,8.46,52,52,52,52,52,52.0,0,0,0,0,1,0,0,0
0,1,0,83,0,0,0,0,0,0,0,0,0,0,0,0,0,83,83,83,1,0,0,1,1,0,0,0
1,1,52,52,0,0,0,0,12.11,12.11,629.71,629.71,1259.42,24.22,52,52,52,52,52,52.0,0,0,0,0,1,0,0,0
1,1,52,52,0,0,0,0,14.78,14.78,768.3,768.3,1536.6,29.56,52,52,52,52,52,52.0,0,0,0,0,1,0,0,0
1,1,52,52,0,0,0,0,13.62,13.62,708.43,708.43,1416.86,27.24,52,52,52,52,52,52.0,0,0,0,0,1,0,0,0
1,1,52,52,0,0,0,0,6.28,6.28,326.49,326.49,652.98,12.56,52,52,52,52,52,52.0,0,0,0,0,1,0,0,0
1,1,52,52,0,0,0,0,6.1,6.1,317.4,317.4,634.8,12.2,52,52,52,52,52,52.0,0,0,0,0,1,0,0,0
0,1,0,90,0,0,1,33,0,0,0,0,0,0,0,0,0,90,90,90,1,0,0,1,1,0,0,0
1,1,52,52,0,0,0,0,6.05,6.05,314.64,314.64,629.28,12.1,52,52,52,52,52,52.0,0,0,0,0,1,0,0,0
1,1,52,52,0,0,0,0,276.23,276.23,14364.05,14364.05,28728.1,552.46,52,52,52,52,52,52.0,0,0,0,0,1,0,0,0
1,1,52,52,0,0,0,0,634.35,634.35,32986.06,32986.06,65972.12,1268.7,52,52,52,52,52,52.0,0,0,0,0,1,0,0,0
0,1,0,83,0,0,0,0,0,0,0,0,0,0,0,0,0,83,83,83,1,0,0,1,1,0,0,0
0,1,0,83,0,0,1,26,0,0,0,0,0,0,0,0,0,83,83,83,1,0,0,1,1,0,0,0
1,1,52,52,0,0,0,0,86.46,86.46,4495.78,4495.78,8991.56,172.92,52,52,52,52,52,52.0,0,0,0,0,1,0,0,0
1,1,52,52,0,0,0,0,6.31,6.31,327.93,327.93,655.86,12.62,52,52,52,52,52,52.0,0,0,0,0,1,0,0,0
1,1,52,52,0,0,0,0,5.17,5.17,268.84,268.84,537.68,10.34,52,52,52,52,52,52.0,0,0,0,0,1,0,0,0
1,1,52,52,0,0,0,0,5.3,5.3,275.69,275.69,551.38,10.6,52,52,52,52,52,52.0,0,0,0,0,1,0,0,0
1,1,52,52,0,0,0,0,21.52,21.52,1118.79,1118.79,2237.58,43.04,52,52,52,52,52,52.0,0,0,0,0,1,0,0,0
1,1,52,52,0,0,0,0,25.53,25.53,1327.31,1327.31,2654.62,51.06,52,52,52,52,52,52.0,0,0,0,0,1,0,0,0
1,1,52,52,0,0,0,0,27.01,27.01,1404.7,1404.7,2809.4,54.02,52,52,52,52,52,52.0,0,0,0,0,1,0,0,0
1,1,52,52,0,0,0,0,6.03,6.03,313.45,313.45,626.9,12.06,52,52,52,52,52,52.0,0,0,0,0,1,0,0,0
1,1,52,52,0,0,0,0,6.75,6.75,350.93,350.93,701.86,13.5,52,52,52,52,52,52.0,0,0,0,0,1,0,0,0
0,1,0,60,0,0,0,0,0,0,0,0,0,0,0,0,0,60,60,60,0,1,0,0,1,0,0,0
1,1,52,52,0,0,0,0,6.47,6.47,336.37,336.37,672.74,12.94,52,52,52,52,52,52.0,0,0,0,0,1,0,0,0
1,1,52,52,0,0,0,0,76.0,76.0,3951.87,3951.87,7903.74,152.0,52,52,52,52,52,52.0,0,0,0,0,1,0,0,0
1,1,52,52,0,0,0,0,42.15,42.15,2191.69,2191.69,4383.38,84.3,52,52,52,52,52,52.0,0,0,0,0,1,0,0,0
2,2,857,374,1,748,1,265,8.43,8.43,3613.31,1576.87,5190.18,16.86,805,805,428.5,322,322,187.0,0,0,0,1,1,0,0,0
1,1,52,52,0,0,0,0,86.52,86.52,4499.03,4499.03,8998.06,173.04,52,52,52,52,52,52.0,0,0,0,0,1,0,0,0
2,2,957,374,1,848,1,265,6.12,6.12,2928.3,1144.39,4072.6900000000005,12.24,905,905,478.5,322,322,187.0,0,0,0,1,1,0,0,0
38,44,3013,43389,4,486,7,2552,14.59,16.89,1156.63,16656.11,17812.74,31.48,569,569,79.28947368421052,1432,1432,986.1136363636367,0,1,0,1,1,0,0,0
2,1,483,850,0,0,0,0,57.92,28.96,13986.8,24614.46,38601.259999999995,86.88,431,431,241.5,850,850,850.0,0,0,0,1,1,0,0,0
1,1,52,52,0,0,0,0,5.21,5.21,270.78,270.78,541.56,10.42,52,52,52,52,52,52.0,0,0,0,0,1,0,0,0
3,3,1106,426,1,945,1,265,4.83,4.83,1781.76,686.29,2468.05,9.66,1002,1002,368.6666666666667,322,322,142.0,0,0,0,1,1,0,0,0
1,1,52,52,0,0,0,0,3.59,3.59,186.81,186.81,373.62,7.18,52,52,52,52,52,52.0,0,0,0,0,1,0,0,0
14,13,1504,4203,3,254,3,292,23.46,21.78,2519.85,7041.83,9561.68,45.24,569,569,107.42857142857143,1432,1432,323.3076923076923,1,1,1,1,1,0,0,0
12,9,1424,3960,3,254,2,249,16.37,12.28,1942.61,5402.21,7344.82,28.65,569,569,118.66666666666667,1432,1432,440.0,1,1,1,1,1,0,0,0
100,111,9176,93299,31,3290,48,25991,66.44,73.75,6096.96,61992.19,68089.15000000001,140.19,569,569,91.75999999999996,1432,1432,840.5315315315315,0,1,0,1,1,0,0,0
13,11,1476,4124,3,254,3,292,20.69,17.51,2349.16,6563.65,8912.81,38.2,569,569,113.53846153846153,1432,1432,374.90909090909093,1,1,0,1,1,0,0,0
10,7,1344,3609,4,273,0,0,4.81,3.36,645.94,1734.53,2380.4700000000003,8.17,569,569,134.4,1432,1432,515.5714285714286,1,1,0,1,1,0,0,0
9,8,1244,3919,2,235,2,249,12.5,11.11,1728.18,5444.32,7172.5,23.61,569,569,138.22222222222223,1432,1432,489.875,0,1,0,1,1,0,0,0
1,1,52,52,0,0,0,0,58.08,58.08,3020.37,3020.37,6040.74,116.16,52,52,52,52,52,52.0,0,0,0,0,1,0,0,0
3,2,535,903,0,0,0,0,1.88,1.26,335.75,566.7,902.45,3.1399999999999997,431,431,178.33333333333334,851,851,451.5,0,0,0,1,1,0,0,0
13,14,1444,4230,3,254,3,278,44.76,48.21,4972.21,14565.41,19537.62,92.97,569,569,111.07692307692308,1432,1432,302.14285714285717,1,1,1,1,1,0,0,0
17,21,1947,9546,4,520,9,3563,21.59,26.67,2472.71,12123.5,14596.21,48.260000000000005,569,569,114.52941176470588,1432,1432,454.57142857142856,0,1,0,1,1,0,0,0
17,16,1961,5235,4,526,7,863,39.66,37.33,4574.69,12212.39,16787.079999999998,76.99,569,569,115.35294117647058,1432,1432,327.1875,0,1,0,1,1,0,0,0
5,4,4413,430,3,4138,2,212,23.22,18.57,20491.69,1996.7,22488.39,41.79,2596,2596,882.6,239,239,107.5,0,0,0,1,1,0,0,0
0,1,0,83,0,0,0,0,0,0,0,0,0,0,0,0,0,83,83,83,1,0,0,1,1,0,0,0
0,1,0,83,0,0,0,0,0,0,0,0,0,0,0,0,0,83,83,83,1,0,0,1,1,0,0,0
1,1,52,52,0,0,0,0,6.3,6.3,327.4,327.4,654.8,12.6,52,52,52,52,52,52.0,0,0,0,0,1,0,0,0
1,0,76,0,1,19,0,0,0,0,0,0,0,0,76,76,76,0,0,0,1,0,0,1,1,0,0,0
1,1,52,52,0,0,0,0,33.21,33.21,1726.94,1726.94,3453.88,66.42,52,52,52,52,52,52.0,0,0,0,0,1,0,0,0
1,1,52,52,0,0,0,0,57.15,57.15,2972.05,2972.05,5944.1,114.3,52,52,52,52,52,52.0,0,0,0,0,1,0,0,0
0,1,0,114,0,0,1,26,0,0,0,0,0,0,0,0,0,114,114,114,1,0,0,1,1,0,0,0
1,1,52,52,0,0,0,0,6.25,6.25,325.19,325.19,650.38,12.5,52,52,52,52,52,52.0,0,0,0,0,1,0,0,0
1,0,76,0,1,19,0,0,0,0,0,0,0,0,76,76,76,0,0,0,1,0,0,1,1,0,0,0
1,1,52,52,0,0,0,0,135.97,135.97,7070.5,7070.5,14141.0,271.94,52,52,52,52,52,52.0,0,0,0,0,1,0,0,0
2,2,856,374,1,747,1,265,9.13,9.13,3908.71,1707.78,5616.49,18.26,804,804,428.0,322,322,187.0,0,0,0,1,1,0,0,0
4,3,1566,360,2,1348,2,194,19.5,14.62,7633.28,1754.78,9388.06,34.12,939,939,391.5,221,221,120.0,0,0,0,1,1,0,0,0
1,1,52,52,0,0,0,0,6.26,6.26,325.66,325.66,651.32,12.52,52,52,52,52,52,52.0,0,0,0,0,1,0,0,0
1,1,52,52,0,0,0,0,37.21,37.21,1934.95,1934.95,3869.9,74.42,52,52,52,52,52,52.0,0,0,0,0,1,0,0,0
1,1,52,52,0,0,0,0,5.02,5.02,260.8,260.8,521.6,10.04,52,52,52,52,52,52.0,0,0,0,0,1,0,0,0
1,1,52,52,0,0,0,0,6.12,6.12,318.38,318.38,636.76,12.24,52,52,52,52,52,52.0,0,0,0,0,1,0,0,0
1,1,52,52,0,0,0,0,20.01,20.01,1040.77,1040.77,2081.54,40.02,52,52,52,52,52,52.0,0,0,0,0,1,0,0,0
1,1,52,52,0,0,0,0,6.73,6.73,349.96,349.96,699.92,13.46,52,52,52,52,52,52.0,0,0,0,0,1,0,0,0
5,3,1986,360,3,1711,2,194,22.32,13.39,8864.14,1606.79,10470.93,35.71,1135,1135,397.2,221,221,120.0,0,0,0,1,1,0,0,0
1,1,52,52,0,0,0,0,13.26,13.26,689.27,689.27,1378.54,26.52,52,52,52,52,52,52.0,0,0,0,0,1,0,0,0
2,2,958,374,1,849,1,265,9.04,9.04,4329.46,1690.21,6019.67,18.08,906,906,479.0,322,322,187.0,0,0,0,1,1,0,0,0
68,62,5452,74102,13,1320,10,8159,25.39,23.15,2035.71,27668.71,29704.42,48.54,569,569,80.17647058823529,1500,1500,1195.193548387097,0,1,0,1,1,0,0,0
5,4,4870,748,3,4595,2,530,1.79,1.43,1742.86,267.69,2010.55,3.2199999999999998,2857,2857,974.0,322,322,187.0,0,0,0,1,1,0,0,0
1,1,52,52,0,0,0,0,29.45,29.45,1531.57,1531.57,3063.14,58.9,52,52,52,52,52,52.0,0,0,0,0,1,0,0,0
1,1,52,52,0,0,0,0,29.61,29.61,1539.87,1539.87,3079.74,59.22,52,52,52,52,52,52.0,0,0,0,0,1,0,0,0
1,0,76,0,1,19,0,0,0,0,0,0,0,0,76,76,76,0,0,0,1,0,0,1,1,0,0,0
10,14,19100,1268,2,3734,2,530,14.07,19.7,26880.84,1784.55,28665.39,33.769999999999996,2948,2948,1910.0,322,322,90.57142857142857,0,0,0,1,1,0,0,0
9,13,16186,1216,2,3738,2,530,13.4,19.35,24096.0,1810.25,25906.25,32.75,2948,2948,1798.4444444444443,322,322,93.53846153846153,0,0,0,1,1,0,0,0
5,7,5973,904,2,5687,2,530,9.82,13.75,11732.72,1775.72,13508.439999999999,23.57,2948,2948,1194.6,322,322,129.14285714285714,0,0,0,1,1,0,0,0
10,8,1717,4146,1,845,1,265,14.02,11.21,2406.58,5811.11,8217.689999999999,25.23,902,902,171.7,1500,1500,518.25,0,1,0,1,1,0,0,0
10,8,1716,4146,1,844,1,265,14.9,11.92,2556.88,6177.63,8734.51,26.82,901,901,171.6,1500,1500,518.25,0,1,0,1,1,0,0,0
1,2,52,374,0,0,1,265,299.61,599.23,15579.96,112055.84,127635.79999999999,898.84,52,52,52.0,322,322,187.0,0,0,0,1,1,0,0,0
1,1,52,52,0,0,0,0,87.57,87.57,4553.7,4553.7,9107.4,175.14,52,52,52,52,52,52.0,0,0,0,0,1,0,0,0
3,2,156,104,0,0,0,0,1.01,0.67,52.52,35.01,87.53,1.6800000000000002,52,52,52.0,52,52,52.0,1,0,0,0,1,0,0,0
4,3,208,156,0,0,0,0,1.38,1.04,71.89,53.92,125.81,2.42,52,52,52.0,52,52,52.0,1,0,0,0,1,0,0,0
4,3,232,156,1,19,0,0,1.56,1.17,90.57,60.9,151.47,2.73,76,76,58.0,52,52,52.0,1,0,0,1,1,0,0,0
4,3,232,156,1,19,0,0,1.76,1.32,101.89,68.51,170.4,3.08,76,76,58.0,52,52,52.0,1,0,0,1,1,0,0,0
14,10,2699,943,6,2001,5,422,13.01,9.3,2508.91,876.59,3385.5,22.310000000000002,863,863,192.78571428571428,366,366,94.3,1,0,1,1,1,0,0,0
9,8,462,609,1,30,3,78,4.25,3.78,218.42,287.91,506.33000000000004,8.03,87,87,51.333333333333336,114,114,76.125,1,0,1,1,1,0,0,0
3,2,156,104,0,0,0,0,7.27,4.85,378.12,252.08,630.2,12.12,52,52,52.0,52,52,52.0,1,0,0,0,1,0,0,0
5,5,299,263,2,53,1,34,20.44,20.44,1222.26,1075.1,2297.3599999999997,40.88,91,91,59.8,91,91,52.6,1,0,1,1,1,0,0,0
5,5,299,248,2,53,1,19,17.78,17.78,1063.44,882.05,1945.49,35.56,91,91,59.8,76,76,49.6,1,0,1,1,1,0,0,0
4,4,271,208,2,53,0,0,38.2,38.2,2587.85,1986.25,4574.1,76.4,91,91,67.75,52,52,52.0,1,0,0,1,1,0,0,0
6,7,351,355,2,53,1,34,22.94,26.77,1342.21,1357.51,2699.7200000000003,49.71,91,91,58.5,91,91,50.714285714285715,1,0,1,1,1,0,0,0
5,5,299,263,2,53,1,34,26.56,26.56,1588.27,1397.04,2985.31,53.12,91,91,59.8,91,91,52.6,1,0,1,1,1,0,0,0
7,8,335,485,0,0,0,0,2.75,3.14,131.46,190.32,321.78,5.890000000000001,83,83,47.857142857142854,83,83,60.625,1,0,1,1,1,0,0,0
7,8,335,485,0,0,0,0,2.79,3.19,133.55,193.34,326.89,5.98,83,83,47.857142857142854,83,83,60.625,1,0,1,1,1,0,0,0
2,1,104,52,0,0,0,0,36.24,18.12,1884.5,942.25,2826.75,54.36,52,52,52.0,52,52,52.0,1,0,0,0,1,0,0,0
8,9,375,537,0,0,0,0,4.67,5.25,218.73,313.22,531.95,9.92,83,83,46.875,83,83,59.666666666666664,1,0,1,1,1,0,0,0
8,9,375,537,0,0,0,0,4.71,5.3,220.75,316.12,536.87,10.01,83,83,46.875,83,83,59.666666666666664,1,0,1,1,1,0,0,0
8,9,375,537,0,0,0,0,4.67,5.25,218.75,313.25,532.0,9.92,83,83,46.875,83,83,59.666666666666664,1,0,1,1,1,0,0,0
8,9,375,537,0,0,0,0,4.9,5.52,229.84,329.13,558.97,10.42,83,83,46.875,83,83,59.666666666666664,1,0,1,1,1,0,0,0
2,1,104,52,0,0,0,0,93.15,46.58,4843.84,2421.92,7265.76,139.73000000000002,52,52,52.0,52,52,52.0,1,0,0,0,1,0,0,0
2,1,104,52,0,0,0,0,88.17,44.09,4585.0,2292.5,6877.5,132.26,52,52,52.0,52,52,52.0,1,0,0,0,1,0,0,0
1,1,40,83,0,0,0,0,677.92,677.92,27116.88,56267.53,83384.41,1355.84,40,40,40.0,83,83,83,1,0,1,1,1,0,0,0
1,1,40,83,0,0,0,0,61.11,61.11,2444.38,5072.08,7516.46,122.22,40,40,40.0,83,83,83,1,0,1,1,1,0,0,0
1,1,40,83,0,0,0,0,66.31,66.31,2652.4,5503.73,8156.129999999999,132.62,40,40,40.0,83,83,83,1,0,1,1,1,0,0,0
1,1,40,83,0,0,0,0,299.19,299.19,11967.48,24832.53,36800.009999999995,598.38,40,40,40.0,83,83,83,1,0,1,1,1,0,0,0
1,1,40,114,0,0,1,26,696.61,696.61,27864.5,79413.83,107278.33,1393.22,40,40,40.0,114,114,114,1,0,1,1,1,0,0,0
1,1,40,83,0,0,0,0,85.47,85.47,3418.76,7093.92,10512.68,170.94,40,40,40.0,83,83,83,1,0,1,1,1,0,0,0
1,1,40,83,0,0,0,0,85.16,85.16,3406.4,7068.29,10474.69,170.32,40,40,40.0,83,83,83,1,0,1,1,1,0,0,0
1,1,40,83,0,0,0,0,85.33,85.33,3413.13,7082.23,10495.36,170.66,40,40,40.0,83,83,83,1,0,1,1,1,0,0,0
1,1,40,83,0,0,0,0,723.53,723.53,28941.2,60053.0,88994.2,1447.06,40,40,40.0,83,83,83,1,0,1,1,1,0,0,0
1,1,40,83,0,0,0,0,101.41,101.41,4056.48,8417.21,12473.689999999999,202.82,40,40,40.0,83,83,83,1,0,1,1,1,0,0,0
1,1,40,83,0,0,0,0,734.43,734.43,29377.02,60957.32,90334.34,1468.86,40,40,40.0,83,83,83,1,0,1,1,1,0,0,0
1,1,40,114,0,0,1,26,668.31,668.31,26732.34,76187.17,102919.51,1336.62,40,40,40.0,114,114,114,1,0,1,1,1,0,0,0
1,0,76,0,1,19,0,0,0,0,0,0,0,0,76,76,76,0,0,0,1,0,0,1,1,0,0,0
1,1,40,83,0,0,0,0,693.39,693.39,27735.52,57551.2,85286.72,1386.78,40,40,40.0,83,83,83,1,0,1,1,1,0,0,0
1,1,40,83,0,0,0,0,85.11,85.11,3404.26,7063.84,10468.1,170.22,40,40,40.0,83,83,83,1,0,1,1,1,0,0,0
1,1,40,83,0,0,0,0,84.71,84.71,3388.45,7031.03,10419.48,169.42,40,40,40.0,83,83,83,1,0,1,1,1,0,0,0
1,1,40,83,0,0,0,0,27.87,27.87,1114.93,2313.48,3428.41,55.74,40,40,40.0,83,83,83,1,0,1,1,1,0,0,0
1,1,40,83,0,0,0,0,85.94,85.94,3437.6,7133.02,10570.62,171.88,40,40,40.0,83,83,83,1,0,1,1,1,0,0,0
1,1,40,83,0,0,0,0,86.06,86.06,3442.26,7142.68,10584.94,172.12,40,40,40.0,83,83,83,1,0,1,1,1,0,0,0
1,1,40,114,0,0,1,26,74.26,74.26,2970.52,8465.99,11436.51,148.52,40,40,40.0,114,114,114,1,0,1,1,1,0,0,0
1,1,40,83,0,0,0,0,722.53,722.53,28901.32,59970.24,88871.56,1445.06,40,40,40.0,83,83,83,1,0,1,1,1,0,0,0
0,1,0,83,0,0,0,0,0,0,0,0,0,0,0,0,0,83,83,83,1,0,0,1,1,0,0,0
0,1,0,83,0,0,0,0,0,0,0,0,0,0,0,0,0,83,83,83,1,0,0,1,1,0,0,0
0,1,0,83,0,0,0,0,0,0,0,0,0,0,0,0,0,83,83,83,1,0,0,1,1,0,0,0
0,1,0,83,0,0,0,0,0,0,0,0,0,0,0,0,0,83,83,83,1,0,0,1,1,0,0,0
0,1,0,83,0,0,0,0,0,0,0,0,0,0,0,0,0,83,83,83,1,0,0,1,1,0,0,0
0,1,0,114,0,0,1,26,0,0,0,0,0,0,0,0,0,114,114,114,1,0,0,1,1,0,0,0
1,0,76,0,1,19,0,0,0,0,0,0,0,0,76,76,76,0,0,0,1,0,0,1,1,0,0,0
0,1,0,83,0,0,0,0,0,0,0,0,0,0,0,0,0,83,83,83,1,0,0,1,1,0,0,0
0,1,0,83,0,0,0,0,0,0,0,0,0,0,0,0,0,83,83,83,1,0,0,1,1,0,0,0
0,1,0,83,0,0,0,0,0,0,0,0,0,0,0,0,0,83,83,83,1,0,0,1,1,0,0,0
0,1,0,83,0,0,0,0,0,0,0,0,0,0,0,0,0,83,83,83,1,0,0,1,1,0,0,0
0,1,0,83,0,0,0,0,0,0,0,0,0,0,0,0,0,83,83,83,1,0,0,1,1,0,0,0
0,1,0,83,0,0,0,0,0,0,0,0,0,0,0,0,0,83,83,83,1,0,0,1,1,0,0,0
