outPkts,inPkts,outByts,inByts,outData,outDataByts,inData,inDataByts,outPkts/s,inPkts/s,outByts/s,inByts/s,byts/s,pkts/s,outPktLenMax,outPktLenMin,outPktLenMean,inPktLenMax,inPktLenMin,inPktLenMean,FIN,SYN,RST,PSH,ACK,URG,CWR,ECE,ftp,ssh,telnet,http,https,well-known port,registered port,dynamic port,Label
48004,11,11,4168,572,11,3596,0,0,22.22,22.22,8420.43,1155.59,9576.02,44.44,744,744,378.90909090909093,52,52,52.0,0,0,0,1,1,0,0,0,0,0,0,0,0,0,1,0
56168,8,8,416,3904,0,0,8,3488,16.03,16.03,833.5,7822.05,8655.55,32.06,52,52,52.0,984,984,488.0,0,0,0,1,1,0,0,0,0,0,0,0,0,0,0,1
52136,10,0,4044,0,8,3472,0,0,8.88,0.0,3590.89,0.0,3590.89,8.88,984,984,404.4,0,0,0,0,0,0,1,1,0,0,0,0,0,0,0,0,0,0,1
22,11,11,644,1288,2,72,9,716,11.6,11.6,679.02,1358.04,2037.06,23.2,88,88,58.54545454545455,176,176,117.0909090909091,0,0,0,1,1,0,0,0,0,1,0,0,0,1,0,0
22,18,22,2216,1368,18,1280,6,224,14.99,18.32,1845.24,1139.12,2984.3599999999997,33.31,184,184,123.11111111111111,96,96,62.18181818181818,0,0,0,1,1,0,0,0,0,1,0,0,0,1,0,0
52136,17,0,2092,0,16,1208,0,0,19.98,0.0,2458.37,0.0,2458.37,19.98,184,184,123.05882352941177,0,0,0,0,0,0,1,1,0,0,0,0,0,0,0,0,0,0,1
22,12,8,776,944,4,152,8,528,63.37,42.25,4097.92,4985.1,9083.02,105.62,96,96,64.66666666666667,184,184,118.0,0,0,0,1,1,0,0,0,0,1,0,0,0,1,0,0
22,6,3,428,288,3,116,2,96,6.16,3.08,439.34,295.63,734.97,9.24,96,96,71.33333333333333,112,112,96.0,0,0,0,1,1,0,0,0,0,1,0,0,0,1,0,0
22,6,10,952,672,6,640,4,152,5.73,9.55,909.23,641.81,1551.04,15.280000000000001,392,392,158.66666666666666,96,96,67.2,0,0,0,1,1,0,0,0,0,1,0,0,0,1,0,0
80,6,5,407,416,0,0,0,0,11.39,9.49,772.48,789.56,1562.04,20.880000000000003,139,139,67.83333333333333,200,200,83.2,1,1,0,1,1,0,0,0,0,0,0,1,0,1,0,0
52136,6,0,952,0,6,640,0,0,5.76,0.0,914.5,0.0,914.5,5.76,392,392,158.66666666666666,0,0,0,0,0,0,1,1,0,0,0,0,0,0,0,0,0,0,1
22,4,3,244,664,1,36,3,508,145.44,109.08,8871.76,24142.81,33014.57,254.51999999999998,88,88,61.0,392,392,221.33333333333334,0,0,0,1,1,0,0,0,0,1,0,0,0,1,0,0
22,5,2,368,272,3,108,2,168,5.09,2.03,374.43,276.75,651.1800000000001,7.119999999999999,88,88,73.6,184,184,136.0,0,0,0,1,1,0,0,0,0,1,0,0,0,1,0,0
22,4,8,448,560,4,240,4,144,3.72,7.43,416.11,520.14,936.25,11.15,184,184,112.0,88,88,70.0,0,0,0,1,1,0,0,0,0,1,0,0,0,1,0,0
52136,4,0,448,0,4,240,0,0,3.91,0.0,438.4,0.0,438.4,3.91,184,184,112.0,0,0,0,0,0,0,1,1,0,0,0,0,0,0,0,0,0,0,1
56168,11,6,752,528,5,180,6,216,15.47,8.44,1057.63,742.59,1800.2200000000003,23.91,88,88,68.36363636363636,88,88,88.0,0,0,0,1,1,0,0,0,0,0,0,0,0,0,0,1
22,4,8,352,560,4,144,4,144,7.7,15.4,677.65,1078.09,1755.7399999999998,23.1,88,88,88.0,88,88,70.0,0,0,0,1,1,0,0,0,0,1,0,0,0,1,0,0
52136,5,0,440,0,5,180,0,0,4.93,0.0,433.93,0.0,433.93,4.93,88,88,88.0,0,0,0,0,0,0,1,1,0,0,0,0,0,0,0,0,0,0,1
22,13,9,912,996,5,236,8,528,14.43,9.99,1012.23,1105.46,2117.69,24.42,144,144,70.15384615384616,176,176,110.66666666666667,0,0,0,1,1,0,0,0,0,1,0,0,0,1,0,0
22,11,15,3332,1016,10,2760,5,236,10.63,14.49,3219.35,981.65,4201.0,25.12,2064,2064,302.90909090909093,144,144,67.73333333333333,0,0,0,1,1,0,0,0,0,1,0,0,0,1,0,0
52136,10,0,3252,0,9,2732,0,0,9.43,0.0,3067.43,0.0,3067.43,9.43,2240,2240,325.2,0,0,0,0,0,0,1,1,0,0,0,0,0,0,0,0,0,0,1
56168,6,6,384,2832,2,72,4,2520,6.12,6.12,391.97,2890.76,3282.7300000000005,12.24,88,88,64.0,2240,2240,472.0,0,0,0,1,1,0,0,0,0,0,0,0,0,0,0,1
48004,7,7,776,436,5,412,2,72,10.16,10.16,1126.38,632.86,1759.2400000000002,20.32,232,232,110.85714285714286,88,88,62.285714285714285,0,0,0,1,1,0,0,0,0,0,0,0,0,0,1,0
52136,4,0,488,0,2,280,0,0,6.48,0.0,790.33,0.0,790.33,6.48,264,264,122.0,0,0,0,0,0,0,1,1,0,0,0,0,0,0,0,0,0,0,1
52136,6,0,500,0,3,188,0,0,7.05,0.0,587.54,0.0,587.54,7.05,168,168,83.33333333333333,0,0,0,0,0,0,1,1,0,0,0,0,0,0,0,0,0,0,1
22,7,6,508,500,4,144,3,188,8.46,7.25,613.68,604.01,1217.69,15.71,88,88,72.57142857142857,168,168,83.33333333333333,0,0,0,1,1,0,0,0,0,1,0,0,0,1,0,0
22,8,10,676,700,5,260,5,180,7.64,9.55,645.49,668.4,1313.8899999999999,17.19,152,152,84.5,88,88,70.0,0,0,0,1,1,0,0,0,0,1,0,0,0,1,0,0
22,5,3,332,2672,2,72,3,2516,8.73,5.24,579.68,4665.4,5245.08,13.97,88,88,66.4,2488,2488,890.6666666666666,0,0,0,1,1,0,0,0,0,1,0,0,0,1,0,0
52136,3,0,2672,0,3,2516,0,0,5.25,0.0,4675.38,0.0,4675.38,5.25,2488,2488,890.6666666666666,0,0,0,0,0,0,1,1,0,0,0,0,0,0,0,0,0,0,1
22,2,3,2584,192,2,2480,1,36,32.09,48.14,41465.16,3081.0,44546.16,80.23,2488,2488,1292.0,88,88,64.0,0,0,0,1,1,0,0,0,0,1,0,0,0,1,0,0
22,5,4,368,2376,3,108,2,2168,5.24,4.19,385.49,2488.9,2874.3900000000003,9.43,88,88,73.6,2144,2144,594.0,0,0,0,1,1,0,0,0,0,1,0,0,0,1,0,0
22,4,6,2760,384,4,2552,2,72,3.96,5.93,2729.04,379.69,3108.73,9.89,2144,2144,690.0,88,88,64.0,0,0,0,1,1,0,0,0,0,1,0,0,0,1,0,0
52136,4,0,2760,0,4,2552,0,0,3.92,0.0,2705.51,0.0,2705.51,3.92,2144,2144,690.0,0,0,0,0,0,0,1,1,0,0,0,0,0,0,0,0,0,0,1
56168,4,4,244,2452,1,36,3,2244,7.66,7.66,467.11,4694.08,5161.19,15.32,88,88,61.0,1912,1912,613.0,0,0,0,1,1,0,0,0,0,0,0,0,0,0,0,1
22,2,4,2344,280,2,2240,2,72,2.42,4.84,2839.04,339.13,3178.17,7.26,1912,1912,1172.0,88,88,70.0,0,0,0,1,1,0,0,0,0,1,0,0,0,1,0,0
52136,4,0,2448,0,2,2240,0,0,4.92,0.0,3008.69,0.0,3008.69,4.92,1912,1912,612.0,0,0,0,0,0,0,1,1,0,0,0,0,0,0,0,0,0,0,1
22,4,3,280,916,2,72,2,760,6.28,4.71,439.72,1438.5,1878.22,10.99,88,88,70.0,432,432,305.3333333333333,0,0,0,1,1,0,0,0,0,1,0,0,0,1,0,0
52136,4,0,904,0,2,696,0,0,4.48,0.0,1012.87,0.0,1012.87,4.48,432,432,226.0,0,0,0,0,0,0,1,1,0,0,0,0,0,0,0,0,0,0,1
22,3,5,888,332,3,732,2,72,3.43,5.71,1014.29,379.21,1393.5,9.14,432,432,296.0,88,88,66.4,0,0,0,1,1,0,0,0,0,1,0,0,0,1,0,0
22,5,3,332,832,2,72,3,676,9.38,5.63,622.85,1560.87,2183.72,15.010000000000002,88,88,66.4,368,368,277.3333333333333,0,0,0,1,1,0,0,0,0,1,0,0,0,1,0,0
22,5,7,1088,472,5,828,3,108,4.99,6.98,1085.21,470.79,1556.0,11.97,400,400,217.6,88,88,67.42857142857143,0,0,0,1,1,0,0,0,0,1,0,0,0,1,0,0
52136,6,0,1456,0,6,1144,0,0,5.84,0.0,1417.41,0.0,1417.41,5.84,400,400,242.66666666666666,0,0,0,0,0,0,1,1,0,0,0,0,0,0,0,0,0,0,1
22,7,5,472,1104,3,108,5,844,7.03,5.02,473.93,1108.5,1582.43,12.05,88,88,67.42857142857143,400,400,220.8,0,0,0,1,1,0,0,0,0,1,0,0,0,1,0,0
22,3,5,1120,296,3,964,1,36,5.9,9.83,2202.18,582.01,2784.1899999999996,15.73,640,640,373.3333333333333,88,88,59.2,0,0,0,1,1,0,0,0,0,1,0,0,0,1,0,0
22,5,3,296,1152,1,36,3,996,6.36,3.82,376.52,1465.38,1841.9,10.18,88,88,59.2,640,640,384.0,0,0,0,1,1,0,0,0,0,1,0,0,0,1,0,0
52136,4,0,1264,0,4,1056,0,0,5.03,0.0,1588.13,0.0,1588.13,5.03,640,640,316.0,0,0,0,0,0,0,1,1,0,0,0,0,0,0,0,0,0,0,1
22,4,7,776,472,4,568,3,108,4.1,7.17,795.03,483.57,1278.6,11.27,392,392,194.0,88,88,67.42857142857143,0,0,0,1,1,0,0,0,0,1,0,0,0,1,0,0
22,5,3,332,2240,2,72,3,2084,8.8,5.28,584.46,3943.37,4527.83,14.080000000000002,88,88,66.4,1976,1976,746.6666666666666,0,0,0,1,1,0,0,0,0,1,0,0,0,1,0,0
52136,3,0,2240,0,3,2084,0,0,5.92,0.0,4422.08,0.0,4422.08,5.92,1976,1976,746.6666666666666,0,0,0,0,0,0,1,1,0,0,0,0,0,0,0,0,0,0,1
48004,1,1,1976,52,1,1924,0,0,82.62,82.62,163248.14,4296.0,167544.14,165.24,1976,1976,1976,52,52,52.0,0,0,0,1,1,0,0,0,0,0,0,0,0,0,1,0
22,3,2,192,2096,1,36,2,1992,25.6,17.06,1638.12,17882.85,19520.969999999998,42.66,88,88,64.0,1968,1968,1048.0,0,0,0,1,1,0,0,0,0,1,0,0,0,1,0,0
22,2,3,2096,192,2,1992,1,36,24.38,36.57,25553.69,2340.8,27894.489999999998,60.95,1968,1968,1048.0,88,88,64.0,0,0,0,1,1,0,0,0,0,1,0,0,0,1,0,0
52136,2,0,2096,0,2,1992,0,0,34.11,0.0,35748.31,0.0,35748.31,34.11,1968,1968,1048.0,0,0,0,0,0,0,1,1,0,0,0,0,0,0,0,0,0,0,1
80,6,0,407,0,0,0,0,0,17.14,0.0,1162.6,0.0,1162.6,17.14,139,139,67.83333333333333,0,0,0,1,1,0,1,1,0,0,0,0,0,0,1,0,1,0,0
22,9,9,612,888,4,144,5,420,14.75,14.75,1002.88,1455.16,2458.04,29.5,88,88,68.0,200,200,98.66666666666667,0,0,0,1,1,0,0,0,0,1,0,0,0,1,0,0
22,9,9,888,612,5,420,4,144,15.09,15.09,1488.84,1026.09,2514.93,30.18,200,200,98.66666666666667,88,88,68.0,0,0,0,1,1,0,0,0,0,1,0,0,0,1,0,0
52136,11,0,1136,0,6,552,0,0,18.92,0.0,1953.83,0.0,1953.83,18.92,200,200,103.27272727272727,0,0,0,0,0,0,1,1,0,0,0,0,0,0,0,0,0,0,1
22,13,6,928,528,7,252,6,216,13.38,6.17,955.03,543.38,1498.4099999999999,19.55,88,88,71.38461538461539,88,88,88.0,0,0,0,1,1,0,0,0,0,1,0,0,0,1,0,0
22,7,14,616,980,7,252,6,216,7.08,14.15,622.61,990.52,1613.13,21.23,88,88,88.0,88,88,70.0,0,0,0,1,1,0,0,0,0,1,0,0,0,1,0,0
52136,7,0,616,0,7,252,0,0,7.36,0.0,647.96,0.0,647.96,7.36,88,88,88.0,0,0,0,0,0,0,1,1,0,0,0,0,0,0,0,0,0,0,1
56168,9,5,612,440,4,144,5,180,11.7,6.5,795.85,572.18,1368.03,18.2,88,88,68.0,88,88,88.0,0,0,0,1,1,0,0,0,0,0,0,0,0,0,0,1
22,4,8,352,560,4,144,4,144,9.23,18.46,812.35,1292.37,2104.72,27.69,88,88,88.0,88,88,70.0,0,0,0,1,1,0,0,0,0,1,0,0,0,1,0,0
52136,4,0,352,0,4,144,0,0,9.76,0.0,858.98,0.0,858.98,9.76,88,88,88.0,0,0,0,0,0,0,1,1,0,0,0,0,0,0,0,0,0,0,1
22,11,7,716,9428,4,144,7,9064,18.0,11.45,1171.66,15428.01,16599.670000000002,29.45,88,88,65.0909090909091,4708,4708,1346.857142857143,0,0,0,1,1,0,0,0,0,1,0,0,0,1,0,0
22,8,12,9488,768,8,9072,4,144,13.65,20.47,16185.7,1310.14,17495.84,34.12,4184,4184,1186.0,88,88,64.0,0,0,0,1,1,0,0,0,0,1,0,0,0,1,0,0
52136,8,0,9444,0,8,9028,0,0,14.51,0.0,17131.5,0.0,17131.5,14.51,2948,2948,1180.5,0,0,0,0,0,0,1,1,0,0,0,0,0,0,0,0,0,0,1
22,3,2,192,272,1,36,2,168,24.05,16.03,1539.31,2180.69,3720.0,40.08,88,88,64.0,184,184,136.0,0,0,0,1,1,0,0,0,0,1,0,0,0,1,0,0
22,2,3,272,192,2,168,1,36,28.25,42.38,3842.65,2712.46,6555.110000000001,70.63,184,184,136.0,88,88,64.0,0,0,0,1,1,0,0,0,0,1,0,0,0,1,0,0
52136,2,0,272,0,2,168,0,0,56.76,0.0,7719.77,0.0,7719.77,56.76,184,184,136.0,0,0,0,0,0,0,1,1,0,0,0,0,0,0,0,0,0,0,1
22,8,5,524,840,3,108,5,580,35.14,21.96,2301.67,3689.71,5991.38,57.1,88,88,65.5,392,392,168.0,0,0,0,1,1,0,0,0,0,1,0,0,0,1,0,0
22,5,8,840,524,5,580,3,108,22.29,35.66,3744.69,2335.97,6080.66,57.949999999999996,392,392,168.0,88,88,65.5,0,0,0,1,1,0,0,0,0,1,0,0,0,1,0,0
52136,5,0,840,0,5,580,0,0,24.54,0.0,4122.64,0.0,4122.64,24.54,392,392,168.0,0,0,0,0,0,0,1,1,0,0,0,0,0,0,0,0,0,0,1
22,17,12,1064,1408,5,180,12,784,22.54,15.91,1411.05,1867.25,3278.3,38.45,88,88,62.588235294117645,232,232,117.33333333333333,0,0,0,1,1,0,0,0,0,1,0,0,0,1,0,0
22,8,15,780,1056,6,364,7,276,11.03,20.69,1075.63,1456.24,2531.87,31.72,228,228,97.5,112,112,70.4,1,0,0,1,1,0,0,0,0,1,0,0,0,1,0,0
52136,11,0,1320,0,11,748,0,0,15.82,0.0,1898.41,0.0,1898.41,15.82,232,232,120.0,0,0,0,0,0,0,1,1,0,0,0,0,0,0,0,0,0,0,1
22,4,2,280,272,2,72,2,168,21.44,10.72,1500.94,1458.05,2958.99,32.160000000000004,88,88,70.0,160,160,136.0,0,0,0,1,1,0,0,0,0,1,0,0,0,1,0,0
52136,3,0,384,0,3,228,0,0,3.05,0.0,389.77,0.0,389.77,3.05,160,160,128.0,0,0,0,0,0,0,1,1,0,0,0,0,0,0,0,0,0,0,1
22,2,1,140,112,1,36,1,60,149.07,74.53,10434.89,8347.91,18782.8,223.6,88,88,70.0,112,112,112.0,0,0,0,1,1,0,0,0,0,1,0,0,0,1,0,0
22,2,1,140,96,1,36,1,44,85.21,42.6,5964.54,4089.97,10054.51,127.81,88,88,70.0,96,96,96.0,0,0,0,1,1,0,0,0,0,1,0,0,0,1,0,0
52136,1,0,96,0,1,44,0,0,0,0,0,0,0,0,96,96,96,0,0,0,0,0,0,1,1,0,0,0,0,0,0,0,0,0,0,1
22,8,4,560,488,4,144,4,280,14.33,7.17,1003.19,874.21,1877.4,21.5,88,88,70.0,224,224,122.0,0,0,0,1,1,0,0,0,0,1,0,0,0,1,0,0
52136,4,0,488,0,4,280,0,0,7.48,0.0,912.43,0.0,912.43,7.48,224,224,122.0,0,0,0,0,0,0,1,1,0,0,0,0,0,0,0,0,0,0,1
22,8,4,560,352,4,144,4,144,14.47,7.24,1013.05,636.77,1649.82,21.71,88,88,70.0,88,88,88.0,0,0,0,1,1,0,0,0,0,1,0,0,0,1,0,0
52136,4,0,352,0,4,144,0,0,7.56,0.0,665.48,0.0,665.48,7.56,88,88,88.0,0,0,0,0,0,0,1,1,0,0,0,0,0,0,0,0,0,0,1
22,2,1,140,88,1,36,1,36,84.6,42.3,5921.95,3722.37,9644.32,126.89999999999999,88,88,70.0,88,88,88.0,0,0,0,1,1,0,0,0,0,1,0,0,0,1,0,0
52136,1,0,88,0,1,36,0,0,0,0,0,0,0,0,88,88,88,0,0,0,0,0,0,1,1,0,0,0,0,0,0,0,0,0,0,1
22,14,7,980,616,6,216,7,252,14.11,7.05,987.36,620.62,1607.98,21.16,88,88,70.0,88,88,88.0,0,0,0,1,1,0,0,0,0,1,0,0,0,1,0,0
52136,8,0,704,0,8,288,0,0,7.65,0.0,673.35,0.0,673.35,7.65,88,88,88.0,0,0,0,0,0,0,1,1,0,0,0,0,0,0,0,0,0,0,1
22,13,7,892,640,6,216,7,276,14.33,7.71,983.07,705.34,1688.41,22.04,88,88,68.61538461538461,104,104,91.42857142857143,0,0,0,1,1,0,0,0,0,1,0,0,0,1,0,0
52136,7,0,864,0,6,456,0,0,9.59,0.0,1183.06,0.0,1183.06,9.59,312,312,123.42857142857143,0,0,0,0,0,0,1,1,0,0,0,0,0,0,0,0,0,0,1
22,8,8,2016,2016,1,48,1,48,88.68,88.68,22347.63,22347.63,44695.26,177.36,1564,1564,252.0,1564,1564,252.0,0,1,0,1,1,0,0,0,0,1,0,0,0,1,0,0
56168,1,1,52,312,0,0,1,260,130.86,130.86,6804.47,40826.84,47631.31,261.72,52,52,52.0,312,312,312,0,0,0,1,1,0,0,0,0,0,0,0,0,0,0,1
22,10,6,664,648,4,144,6,336,25.09,15.05,1665.65,1625.52,3291.17,40.14,88,88,66.4,168,168,108.0,0,0,0,1,1,0,0,0,0,1,0,0,0,1,0,0
52136,6,0,648,0,6,336,0,0,15.16,0.0,1637.45,0.0,1637.45,15.16,168,168,108.0,0,0,0,0,0,0,1,1,0,0,0,0,0,0,0,0,0,0,1
22,4,2,280,176,2,72,2,72,16.39,8.19,1147.06,721.01,1868.07,24.58,88,88,70.0,88,88,88.0,0,0,0,1,1,0,0,0,0,1,0,0,0,1,0,0
52136,3,0,192,0,1,36,0,0,13.9,0.0,889.69,0.0,889.69,13.9,88,88,64.0,0,0,0,0,0,0,1,1,0,0,0,0,0,0,0,0,0,0,1
56168,1,1,52,160,0,0,1,108,1752.74,1752.74,91142.42,280438.21,371580.63,3505.48,52,52,52.0,160,160,160,0,0,0,1,1,0,0,0,0,0,0,0,0,0,0,1
52136,1,0,160,0,1,108,0,0,0,0,0,0,0,0,160,160,160,0,0,0,0,0,0,1,1,0,0,0,0,0,0,0,0,0,0,1
52136,9,0,1112,0,7,644,0,0,11.2,0.0,1384.07,0.0,1384.07,11.2,280,280,123.55555555555556,0,0,0,0,0,0,1,1,0,0,0,0,0,0,0,0,0,0,1
22,14,11,852,1360,3,124,11,788,14.08,11.06,856.62,1367.37,2223.99,25.14,96,96,60.857142857142854,280,280,123.63636363636364,0,0,0,1,1,0,0,0,0,1,0,0,0,1,0,0
52136,7,0,616,0,7,252,0,0,7.51,0.0,660.63,0.0,660.63,7.51,88,88,88.0,0,0,0,0,0,0,1,1,0,0,0,0,0,0,0,0,0,0,1
22,18,9,1332,792,9,396,9,324,20.17,10.08,1492.22,887.26,2379.48,30.25,96,96,74.0,88,88,88.0,0,0,0,1,1,0,0,0,0,1,0,0,0,1,0,0
52136,6,0,528,0,6,216,0,0,7.58,0.0,667.44,0.0,667.44,7.58,88,88,88.0,0,0,0,0,0,0,1,1,0,0,0,0,0,0,0,0,0,0,1
22,8,4,584,376,4,168,4,168,8.05,4.02,587.42,378.2,965.6199999999999,12.07,96,96,73.0,112,112,94.0,0,0,0,1,1,0,0,0,0,1,0,0,0,1,0,0
52136,7,0,784,0,7,420,0,0,7.67,0.0,859.28,0.0,859.28,7.67,112,112,112.0,0,0,0,0,0,0,1,1,0,0,0,0,0,0,0,0,0,0,1
22,12,6,840,672,6,216,6,360,15.83,7.92,1108.35,886.68,1995.0299999999997,23.75,88,88,70.0,112,112,112.0,0,0,0,1,1,0,0,0,0,1,0,0,0,1,0,0
22,4,2,280,240,2,72,2,136,6.0,3.0,420.35,360.3,780.6500000000001,9.0,88,88,70.0,128,128,120.0,0,0,0,1,1,0,0,0,0,1,0,0,0,1,0,0
52136,2,0,240,0,2,136,0,0,3.0,0.0,359.64,0.0,359.64,3.0,128,128,120.0,0,0,0,0,0,0,1,1,0,0,0,0,0,0,0,0,0,0,1
22,8,4,560,456,4,144,4,248,9.28,4.64,649.27,528.69,1177.96,13.919999999999998,88,88,70.0,120,120,114.0,0,0,0,1,1,0,0,0,0,1,0,0,0,1,0,0
52136,5,0,568,0,5,308,0,0,5.0,0.0,568.16,0.0,568.16,5.0,120,120,113.6,0,0,0,0,0,0,1,1,0,0,0,0,0,0,0,0,0,0,1
22,12,8,792,832,4,144,8,416,12.76,8.5,841.94,884.46,1726.4,21.259999999999998,88,88,66.0,120,120,104.0,0,0,0,1,1,0,0,0,0,1,0,0,0,1,0,0
52136,5,0,544,0,5,284,0,0,6.47,0.0,704.33,0.0,704.33,6.47,120,120,108.8,0,0,0,0,0,0,1,1,0,0,0,0,0,0,0,0,0,0,1
22,5,3,332,832,2,72,3,676,5.25,3.15,348.84,874.21,1223.05,8.4,88,88,66.4,656,656,277.3333333333333,0,0,0,1,1,0,0,0,0,1,0,0,0,1,0,0
52136,4,0,848,0,2,640,0,0,4.47,0.0,948.16,0.0,948.16,4.47,656,656,212.0,0,0,0,0,0,0,1,1,0,0,0,0,0,0,0,0,0,0,1
56168,3,2,192,232,1,36,2,128,3.03,2.02,193.79,234.16,427.95,5.05,88,88,64.0,144,144,116.0,0,0,0,1,1,0,0,0,0,0,0,0,0,0,0,1
52136,5,0,424,0,3,164,0,0,4.84,0.0,410.47,0.0,410.47,4.84,144,144,84.8,0,0,0,0,0,0,1,1,0,0,0,0,0,0,0,0,0,0,1
22,6,4,384,968,2,72,4,760,26.81,17.87,1715.59,4324.71,6040.3,44.68,88,88,64.0,648,648,242.0,0,0,0,1,1,0,0,0,0,1,0,0,0,1,0,0
52136,3,0,880,0,3,724,0,0,51.04,0.0,14972.61,0.0,14972.61,51.04,648,648,293.3333333333333,0,0,0,0,0,0,1,1,0,0,0,0,0,0,0,0,0,0,1
22,8,4,560,352,4,144,4,144,12.32,6.16,862.26,541.99,1404.25,18.48,88,88,70.0,88,88,88.0,0,0,0,1,1,0,0,0,0,1,0,0,0,1,0,0
52136,4,0,352,0,4,144,0,0,6.17,0.0,543.03,0.0,543.03,6.17,88,88,88.0,0,0,0,0,0,0,1,1,0,0,0,0,0,0,0,0,0,0,1
22,12,6,840,560,6,216,5,204,16.95,8.47,1186.18,790.79,1976.97,25.42,88,88,70.0,96,96,93.33333333333333,0,0,0,1,1,0,0,0,0,1,0,0,0,1,0,0
52136,6,0,560,0,6,248,0,0,8.5,0.0,793.79,0.0,793.79,8.5,96,96,93.33333333333333,0,0,0,0,0,0,1,1,0,0,0,0,0,0,0,0,0,0,1
22,8,4,560,352,4,144,4,144,22.37,11.19,1565.95,984.31,2550.26,33.56,88,88,70.0,88,88,88.0,0,0,0,1,1,0,0,0,0,1,0,0,0,1,0,0
52136,4,0,352,0,4,144,0,0,11.98,0.0,1053.94,0.0,1053.94,11.98,88,88,88.0,0,0,0,0,0,0,1,1,0,0,0,0,0,0,0,0,0,0,1
22,2,1,140,88,1,36,1,36,85.19,42.59,5963.26,3748.34,9711.6,127.78,88,88,70.0,88,88,88.0,0,0,0,1,1,0,0,0,0,1,0,0,0,1,0,0
52136,1,0,88,0,1,36,0,0,0,0,0,0,0,0,88,88,88,0,0,0,0,0,0,1,1,0,0,0,0,0,0,0,0,0,0,1
22,14,7,980,616,7,252,7,252,14.25,7.12,997.25,626.85,1624.1,21.37,88,88,70.0,88,88,88.0,0,0,0,1,1,0,0,0,0,1,0,0,0,1,0,0
52136,7,0,616,0,7,252,0,0,7.3,0.0,642.24,0.0,642.24,7.3,88,88,88.0,0,0,0,0,0,0,1,1,0,0,0,0,0,0,0,0,0,0,1
22,12,6,840,528,6,216,6,216,14.28,7.14,999.79,628.44,1628.23,21.419999999999998,88,88,70.0,88,88,88.0,0,0,0,1,1,0,0,0,0,1,0,0,0,1,0,0
52136,7,0,616,0,7,252,0,0,6.84,0.0,602.0,0.0,602.0,6.84,88,88,88.0,0,0,0,0,0,0,1,1,0,0,0,0,0,0,0,0,0,0,1
22,7,4,472,376,3,108,3,132,14.37,8.21,969.18,772.06,1741.2399999999998,22.58,88,88,67.42857142857143,112,112,94.0,0,0,0,1,1,0,0,0,0,1,0,0,0,1,0,0
52136,3,0,288,0,3,132,0,0,7.5,0.0,719.66,0.0,719.66,7.5,112,112,96.0,0,0,0,0,0,0,1,1,0,0,0,0,0,0,0,0,0,0,1
22,3,3,228,192,2,72,1,36,15.27,15.27,1160.42,977.19,2137.61,30.54,88,88,76.0,88,88,64.0,0,0,0,1,1,0,0,0,0,1,0,0,0,1,0,0
52136,3,0,192,0,1,36,0,0,17.85,0.0,1142.67,0.0,1142.67,17.85,88,88,64.0,0,0,0,0,0,0,1,1,0,0,0,0,0,0,0,0,0,0,1
56168,14,12,872,1432,4,144,10,808,14.42,12.36,897.88,1474.5,2372.38,26.78,88,88,62.285714285714285,224,224,119.33333333333333,0,0,0,1,1,0,0,0,0,0,0,0,0,0,0,1
52136,10,0,1256,0,8,736,0,0,10.3,0.0,1293.22,0.0,1293.22,10.3,224,224,125.6,0,0,0,0,0,0,1,1,0,0,0,0,0,0,0,0,0,0,1
22,8,5,524,1056,3,108,5,796,14.08,8.8,922.1,1858.27,2780.37,22.880000000000003,88,88,65.5,648,648,211.2,0,0,0,1,1,0,0,0,0,1,0,0,0,1,0,0
52136,5,0,1056,0,5,796,0,0,9.17,0.0,1937.24,0.0,1937.24,9.17,648,648,211.2,0,0,0,0,0,0,1,1,0,0,0,0,0,0,0,0,0,0,1
22,8,4,560,352,4,144,4,144,23.92,11.96,1674.51,1052.55,2727.06,35.88,88,88,70.0,88,88,88.0,0,0,0,1,1,0,0,0,0,1,0,0,0,1,0,0
52136,4,0,352,0,4,144,0,0,12.24,0.0,1077.47,0.0,1077.47,12.24,88,88,88.0,0,0,0,0,0,0,1,1,0,0,0,0,0,0,0,0,0,0,1
22,4,2,280,176,2,72,2,72,5.02,2.51,351.53,220.96,572.49,7.529999999999999,88,88,70.0,88,88,88.0,0,0,0,1,1,0,0,0,0,1,0,0,0,1,0,0
52136,2,0,176,0,2,72,0,0,2.59,0.0,227.87,0.0,227.87,2.59,88,88,88.0,0,0,0,0,0,0,1,1,0,0,0,0,0,0,0,0,0,0,1
22,5,3,332,352,2,72,3,196,9.86,5.91,654.47,693.9,1348.37,15.77,88,88,66.4,168,168,117.33333333333333,0,0,0,1,1,0,0,0,0,1,0,0,0,1,0,0
52136,2,0,264,0,2,160,0,0,3.91,0.0,516.08,0.0,516.08,3.91,168,168,132.0,0,0,0,0,0,0,1,1,0,0,0,0,0,0,0,0,0,0,1
22,8,5,524,1688,3,108,5,1428,16.59,10.37,1086.54,3500.15,4586.6900000000005,26.96,88,88,65.5,1256,1256,337.6,0,0,0,1,1,0,0,0,0,1,0,0,0,1,0,0
52136,4,0,1592,0,4,1384,0,0,8.16,0.0,3249.64,0.0,3249.64,8.16,1328,1328,398.0,0,0,0,0,0,0,1,1,0,0,0,0,0,0,0,0,0,0,1
22,6,3,420,264,3,108,3,108,25.13,12.57,1759.42,1105.92,2865.34,37.7,88,88,70.0,88,88,88.0,0,0,0,1,1,0,0,0,0,1,0,0,0,1,0,0
52136,3,0,264,0,3,108,0,0,13.96,0.0,1228.34,0.0,1228.34,13.96,88,88,88.0,0,0,0,0,0,0,1,1,0,0,0,0,0,0,0,0,0,0,1
22,12,6,840,552,6,216,6,240,12.3,6.15,861.15,565.9,1427.05,18.450000000000003,88,88,70.0,96,96,92.0,0,0,0,1,1,0,0,0,0,1,0,0,0,1,0,0
52136,7,0,640,0,7,276,0,0,7.11,0.0,649.83,0.0,649.83,7.11,96,96,91.42857142857143,0,0,0,0,0,0,1,1,0,0,0,0,0,0,0,0,0,0,1
22,7,4,508,352,4,144,4,144,7.02,4.01,509.27,352.88,862.15,11.03,88,88,72.57142857142857,88,88,88.0,0,0,0,1,1,0,0,0,0,1,0,0,0,1,0,0
52136,10,0,14712,0,9,11204,0,0,11.14,0.0,16395.33,0.0,16395.33,11.14,4184,4184,1471.2,0,0,0,0,0,0,1,1,0,0,0,0,0,0,0,0,0,0,1
22,13,9,784,14640,3,108,9,14172,28.65,19.83,1727.52,32258.83,33986.35,48.48,88,88,60.30769230769231,3472,3472,1626.6666666666667,0,0,0,1,1,0,0,0,0,1,0,0,0,1,0,0
22,2,1,140,168,1,36,1,116,732.25,366.12,51257.21,61508.65,112765.86,1098.37,88,88,70.0,168,168,168.0,0,0,0,1,1,0,0,0,0,1,0,0,0,1,0,0
52136,1,0,168,0,1,116,0,0,0,0,0,0,0,0,168,168,168,0,0,0,0,0,0,1,1,0,0,0,0,0,0,0,0,0,0,1
22,10,5,700,440,5,180,5,180,12.86,6.43,899.87,565.63,1465.5,19.29,88,88,70.0,88,88,88.0,0,0,0,1,1,0,0,0,0,1,0,0,0,1,0,0
52136,5,0,440,0,5,180,0,0,6.63,0.0,583.42,0.0,583.42,6.63,88,88,88.0,0,0,0,0,0,0,1,1,0,0,0,0,0,0,0,0,0,0,1
56168,4,4,252,1252,1,44,3,1044,67.43,67.43,4248.27,21106.47,25354.74,134.86,96,96,63.0,512,512,313.0,0,0,0,1,1,0,0,0,0,0,0,0,0,0,0,1
52136,4,0,1252,0,3,1044,0,0,87.62,0.0,27425.92,0.0,27425.92,87.62,512,512,313.0,0,0,0,0,0,0,1,1,0,0,0,0,0,0,0,0,0,0,1
52136,3,0,192,0,1,36,0,0,14.42,0.0,922.8,0.0,922.8,14.42,88,88,64.0,0,0,0,0,0,0,1,1,0,0,0,0,0,0,0,0,0,0,1
22,5,5,368,340,3,108,2,80,4.86,4.86,357.36,330.17,687.53,9.72,88,88,73.6,96,96,68.0,0,0,0,1,1,0,0,0,0,1,0,0,0,1,0,0
52136,4,0,288,0,2,80,0,0,17.12,0.0,1232.63,0.0,1232.63,17.12,96,96,72.0,0,0,0,0,0,0,1,1,0,0,0,0,0,0,0,0,0,0,1
22,2,2,140,140,1,36,1,36,56.73,56.73,3971.07,3971.07,7942.14,113.46,88,88,70.0,88,88,70.0,0,0,0,1,1,0,0,0,0,1,0,0,0,1,0,0
22,10,5,700,456,5,180,5,196,10.81,5.4,756.53,492.82,1249.35,16.21,88,88,70.0,96,96,91.2,0,0,0,1,1,0,0,0,0,1,0,0,0,1,0,0
52136,5,0,456,0,5,196,0,0,5.55,0.0,505.85,0.0,505.85,5.55,96,96,91.2,0,0,0,0,0,0,1,1,0,0,0,0,0,0,0,0,0,0,1
22,4,2,352,256,2,144,2,152,4.82,2.41,424.23,308.53,732.76,7.23,160,160,88.0,160,160,128.0,0,0,0,1,1,0,0,0,0,1,0,0,0,1,0,0
52136,2,0,256,0,2,152,0,0,2.48,0.0,317.53,0.0,317.53,2.48,160,160,128.0,0,0,0,0,0,0,1,1,0,0,0,0,0,0,0,0,0,0,1
22,4,2,280,176,2,72,2,72,5.93,2.96,414.99,260.85,675.84,8.89,88,88,70.0,88,88,88.0,0,0,0,1,1,0,0,0,0,1,0,0,0,1,0,0
52136,2,0,176,0,2,72,0,0,3.02,0.0,265.56,0.0,265.56,3.02,88,88,88.0,0,0,0,0,0,0,1,1,0,0,0,0,0,0,0,0,0,0,1
22,4,4,316,244,3,108,1,36,5.15,5.15,406.61,313.96,720.5699999999999,10.3,88,88,79.0,88,88,61.0,0,0,0,1,1,0,0,0,0,1,0,0,0,1,0,0
52136,4,0,244,0,0,0,0,0,5.34,0.0,325.89,0.0,325.89,5.34,88,88,61.0,0,0,0,0,0,0,1,1,0,0,0,0,0,0,0,0,0,0,1
52136,10,0,872,0,8,352,0,0,9.98,0.0,870.6,0.0,870.6,9.98,96,96,87.2,0,0,0,0,0,0,1,1,0,0,0,0,0,0,0,0,0,0,1
22,18,11,1260,968,9,324,9,396,16.73,10.22,1171.0,899.63,2070.63,26.950000000000003,88,88,70.0,96,96,88.0,0,0,0,1,1,0,0,0,0,1,0,0,0,1,0,0
52136,12,0,1152,0,12,528,0,0,12.96,0.0,1244.24,0.0,1244.24,12.96,96,96,96.0,0,0,0,0,0,0,1,1,0,0,0,0,0,0,0,0,0,0,1
22,27,13,1908,1248,14,504,13,572,24.81,11.95,1753.19,1146.74,2899.9300000000003,36.76,88,88,70.66666666666667,96,96,96.0,0,0,0,1,1,0,0,0,0,1,0,0,0,1,0,0
52136,12,0,1152,0,12,528,0,0,12.98,0.0,1245.86,0.0,1245.86,12.98,96,96,96.0,0,0,0,0,0,0,1,1,0,0,0,0,0,0,0,0,0,0,1
56168,23,12,1592,1152,11,396,12,528,25.09,13.09,1736.59,1256.63,2993.2200000000003,38.18,88,88,69.21739130434783,96,96,96.0,0,0,0,1,1,0,0,0,0,0,0,0,0,0,0,1
52136,12,0,1152,0,12,528,0,0,13.01,0.0,1249.13,0.0,1249.13,13.01,96,96,96.0,0,0,0,0,0,0,1,1,0,0,0,0,0,0,0,0,0,0,1
22,24,12,1680,1152,12,432,12,528,26.16,13.08,1830.94,1255.5,3086.44,39.24,88,88,70.0,96,96,96.0,0,0,0,1,1,0,0,0,0,1,0,0,0,1,0,0
52136,13,0,1248,0,13,572,0,0,12.97,0.0,1244.91,0.0,1244.91,12.97,96,96,96.0,0,0,0,0,0,0,1,1,0,0,0,0,0,0,0,0,0,0,1
22,24,12,1680,1152,12,432,12,528,26.12,13.06,1828.71,1253.98,3082.69,39.18,88,88,70.0,96,96,96.0,0,0,0,1,1,0,0,0,0,1,0,0,0,1,0,0
52136,12,0,1152,0,12,528,0,0,12.95,0.0,1242.75,0.0,1242.75,12.95,96,96,96.0,0,0,0,0,0,0,1,1,0,0,0,0,0,0,0,0,0,0,1
22,26,13,1820,1248,13,468,13,572,25.77,12.88,1803.64,1236.78,3040.42,38.65,88,88,70.0,96,96,96.0,0,0,0,1,1,0,0,0,0,1,0,0,0,1,0,0
52136,11,0,1000,0,11,428,0,0,12.96,0.0,1178.24,0.0,1178.24,12.96,96,96,90.9090909090909,0,0,0,0,0,0,1,1,0,0,0,0,0,0,0,0,0,0,1
22,19,10,1348,860,10,360,9,340,19.47,10.25,1381.35,881.28,2262.63,29.72,88,88,70.94736842105263,96,96,86.0,0,0,0,1,1,0,0,0,0,1,0,0,0,1,0,0
52136,4,0,1088,0,2,880,0,0,14.82,0.0,4031.4,0.0,4031.4,14.82,872,872,272.0,0,0,0,0,0,0,1,1,0,0,0,0,0,0,0,0,0,0,1
22,4,4,280,1088,2,72,2,880,4.64,4.64,324.91,1262.49,1587.4,9.28,88,88,70.0,872,872,272.0,0,0,0,1,1,0,0,0,0,1,0,0,0,1,0,0
52136,3,0,616,0,1,460,0,0,16.32,0.0,3350.68,0.0,3350.68,16.32,512,512,205.33333333333334,0,0,0,0,0,0,1,1,0,0,0,0,0,0,0,0,0,0,1
22,2,2,148,564,1,44,1,460,456.77,456.77,33801.09,128809.55,162610.64,913.54,96,96,74.0,512,512,282.0,0,0,0,1,1,0,0,0,0,1,0,0,0,1,0,0
80,5,5,355,416,0,0,0,0,10.1,10.1,717.14,840.37,1557.51,20.2,139,139,71.0,200,200,83.2,1,1,0,1,1,0,0,0,0,0,0,1,0,1,0,0
52136,5,0,404,0,4,144,0,0,5.66,0.0,457.18,0.0,457.18,5.66,88,88,80.8,0,0,0,0,0,0,1,1,0,0,0,0,0,0,0,0,0,0,1
22,10,6,700,492,5,180,5,180,9.75,5.85,682.51,479.71,1162.22,15.6,88,88,70.0,88,88,82.0,0,0,0,1,1,0,0,0,0,1,0,0,0,1,0,0
52136,3,0,264,0,3,108,0,0,3.36,0.0,295.8,0.0,295.8,3.36,88,88,88.0,0,0,0,0,0,0,1,1,0,0,0,0,0,0,0,0,0,0,1
22,8,4,560,360,4,144,4,152,9.16,4.58,641.35,412.3,1053.65,13.74,88,88,70.0,96,96,90.0,0,0,0,1,1,0,0,0,0,1,0,0,0,1,0,0
52136,7,0,656,0,7,292,0,0,7.25,0.0,679.49,0.0,679.49,7.25,96,96,93.71428571428571,0,0,0,0,0,0,1,1,0,0,0,0,0,0,0,0,0,0,1
22,12,6,840,560,6,216,6,248,16.12,8.06,1128.21,752.14,1880.35,24.18,88,88,70.0,96,96,93.33333333333333,0,0,0,1,1,0,0,0,0,1,0,0,0,1,0,0
52136,4,0,352,0,4,144,0,0,4.43,0.0,389.65,0.0,389.65,4.43,88,88,88.0,0,0,0,0,0,0,1,1,0,0,0,0,0,0,0,0,0,0,1
22,12,6,840,544,6,216,6,232,14.36,7.18,1004.91,650.8,1655.71,21.54,88,88,70.0,104,104,90.66666666666667,0,0,0,1,1,0,0,0,0,1,0,0,0,1,0,0
52136,4,0,368,0,4,160,0,0,5.55,0.0,510.38,0.0,510.38,5.55,104,104,92.0,0,0,0,0,0,0,1,1,0,0,0,0,0,0,0,0,0,0,1
22,7,4,472,960,3,108,4,752,11.77,6.73,793.7,1614.31,2408.01,18.5,88,88,67.42857142857143,696,696,240.0,0,0,0,1,1,0,0,0,0,1,0,0,0,1,0,0
52136,3,0,872,0,3,716,0,0,22.05,0.0,6410.54,0.0,6410.54,22.05,696,696,290.6666666666667,0,0,0,0,0,0,1,1,0,0,0,0,0,0,0,0,0,0,1
22,2,1,140,88,1,36,1,36,85.26,42.63,5968.54,3751.65,9720.19,127.89000000000001,88,88,70.0,88,88,88.0,0,0,0,1,1,0,0,0,0,1,0,0,0,1,0,0
52136,1,0,88,0,1,36,0,0,0,0,0,0,0,0,88,88,88,0,0,0,0,0,0,1,1,0,0,0,0,0,0,0,0,0,0,1
22,10,5,700,440,5,180,5,180,12.05,6.02,843.32,530.09,1373.41,18.07,88,88,70.0,88,88,88.0,0,0,0,1,1,0,0,0,0,1,0,0,0,1,0,0
52136,6,0,528,0,6,216,0,0,5.92,0.0,521.1,0.0,521.1,5.92,88,88,88.0,0,0,0,0,0,0,1,1,0,0,0,0,0,0,0,0,0,0,1
22,14,7,980,616,7,252,7,252,14.38,7.19,1006.4,632.59,1638.99,21.57,88,88,70.0,88,88,88.0,0,0,0,1,1,0,0,0,0,1,0,0,0,1,0,0
52136,7,0,616,0,7,252,0,0,7.54,0.0,663.61,0.0,663.61,7.54,88,88,88.0,0,0,0,0,0,0,1,1,0,0,0,0,0,0,0,0,0,0,1
22,8,5,524,592,3,108,5,332,12.06,7.53,789.65,892.12,1681.77,19.59,88,88,65.5,224,224,118.4,0,0,0,1,1,0,0,0,0,1,0,0,0,1,0,0
52136,5,0,608,0,5,348,0,0,8.48,0.0,1031.73,0.0,1031.73,8.48,224,224,121.6,0,0,0,0,0,0,1,1,0,0,0,0,0,0,0,0,0,0,1
22,12,6,888,544,6,264,6,232,12.7,6.35,940.0,575.85,1515.85,19.049999999999997,96,96,74.0,104,104,90.66666666666667,0,0,0,1,1,0,0,0,0,1,0,0,0,1,0,0
52136,6,0,544,0,6,232,0,0,6.51,0.0,590.6,0.0,590.6,6.51,104,104,90.66666666666667,0,0,0,0,0,0,1,1,0,0,0,0,0,0,0,0,0,0,1
22,8,4,592,352,4,176,4,144,17.03,8.52,1260.26,749.34,2009.6,25.55,96,96,74.0,88,88,88.0,0,0,0,1,1,0,0,0,0,1,0,0,0,1,0,0
52136,4,0,352,0,4,144,0,0,8.39,0.0,738.02,0.0,738.02,8.39,88,88,88.0,0,0,0,0,0,0,1,1,0,0,0,0,0,0,0,0,0,0,1
22,4,2,280,192,2,72,2,88,34.06,17.03,2384.47,1635.06,4019.5299999999997,51.09,88,88,70.0,104,104,96.0,0,0,0,1,1,0,0,0,0,1,0,0,0,1,0,0
52136,2,0,192,0,2,88,0,0,18.27,0.0,1754.38,0.0,1754.38,18.27,104,104,96.0,0,0,0,0,0,0,1,1,0,0,0,0,0,0,0,0,0,0,1
56168,4,4,288,1048,2,80,2,840,4.42,4.42,318.3,1158.25,1476.55,8.84,96,96,72.0,680,680,262.0,0,0,0,1,1,0,0,0,0,0,0,0,0,0,0,1
52136,4,0,1048,0,2,840,0,0,4.48,0.0,1173.58,0.0,1173.58,4.48,680,680,262.0,0,0,0,0,0,0,1,1,0,0,0,0,0,0,0,0,0,0,1
52136,3,0,708,0,2,552,0,0,4.02,0.0,949.57,0.0,949.57,4.02,496,496,236.0,0,0,0,0,0,0,1,1,0,0,0,0,0,0,0,0,0,0,1
22,3,3,264,708,1,108,2,552,4.15,4.15,365.57,980.38,1345.95,8.3,160,160,88.0,496,496,236.0,0,0,0,1,1,0,0,0,0,1,0,0,0,1,0,0
52136,4,0,1156,0,3,948,0,0,4.11,0.0,1188.84,0.0,1188.84,4.11,688,688,289.0,0,0,0,0,0,0,1,1,0,0,0,0,0,0,0,0,0,0,1
22,5,4,340,1156,2,80,3,948,5.65,4.52,383.99,1305.57,1689.56,10.17,96,96,68.0,688,688,289.0,0,0,0,1,1,0,0,0,0,1,0,0,0,1,0,0
22,4,4,288,872,2,80,2,664,15.61,15.61,1123.98,3403.15,4527.13,31.22,96,96,72.0,504,504,218.0,0,0,0,1,1,0,0,0,0,1,0,0,0,1,0,0
52136,3,0,784,0,1,628,0,0,13.17,0.0,3442.55,0.0,3442.55,13.17,680,680,261.3333333333333,0,0,0,0,0,0,1,1,0,0,0,0,0,0,0,0,0,0,1
52136,8,0,2772,0,7,2356,0,0,10.14,0.0,3512.85,0.0,3512.85,10.14,696,696,346.5,0,0,0,0,0,0,1,1,0,0,0,0,0,0,0,0,0,0,1
22,9,9,504,2284,1,36,8,1816,11.76,11.76,658.28,2983.18,3641.46,23.52,88,88,56.0,696,696,253.77777777777777,0,0,0,1,1,0,0,0,0,1,0,0,0,1,0,0
52136,3,0,192,0,1,36,0,0,13.83,0.0,885.08,0.0,885.08,13.83,88,88,64.0,0,0,0,0,0,0,1,1,0,0,0,0,0,0,0,0,0,0,1
22,3,3,228,192,2,72,1,36,15.5,15.5,1178.18,992.15,2170.33,31.0,88,88,76.0,88,88,64.0,0,0,0,1,1,0,0,0,0,1,0,0,0,1,0,0
22,3,3,236,784,2,80,1,628,15.15,15.15,1191.65,3958.69,5150.34,30.3,96,96,78.66666666666667,680,680,261.3333333333333,0,0,0,1,1,0,0,0,0,1,0,0,0,1,0,0
52136,3,0,784,0,1,628,0,0,17.95,0.0,4689.67,0.0,4689.67,17.95,680,680,261.3333333333333,0,0,0,0,0,0,1,1,0,0,0,0,0,0,0,0,0,0,1
52136,4,0,2256,0,2,2048,0,0,11.87,0.0,6695.85,0.0,6695.85,11.87,2040,2040,564.0,0,0,0,0,0,0,1,1,0,0,0,0,0,0,0,0,0,0,1
22,4,4,280,2256,2,72,2,2048,12.76,12.76,893.31,7197.54,8090.85,25.52,88,88,70.0,2040,2040,564.0,0,0,0,1,1,0,0,0,0,1,0,0,0,1,0,0
80,6,0,407,0,0,0,0,0,15.52,0.0,1052.65,0.0,1052.65,15.52,139,139,67.83333333333333,0,0,0,1,1,0,1,1,0,0,0,0,0,0,1,0,1,0,0
52136,3,0,228,0,2,72,0,0,3.49,0.0,265.0,0.0,265.0,3.49,88,88,76.0,0,0,0,0,0,0,1,1,0,0,0,0,0,0,0,0,0,0,1
22,4,3,296,228,2,88,2,72,4.78,3.59,353.85,272.56,626.4100000000001,8.370000000000001,96,96,74.0,88,88,76.0,0,0,0,1,1,0,0,0,0,1,0,0,0,1,0,0
22,6,3,420,280,3,108,3,124,17.34,8.67,1213.86,809.24,2023.1,26.009999999999998,88,88,70.0,96,96,93.33333333333333,0,0,0,1,1,0,0,0,0,1,0,0,0,1,0,0
52136,3,0,280,0,3,124,0,0,9.29,0.0,867.1,0.0,867.1,9.29,96,96,93.33333333333333,0,0,0,0,0,0,1,1,0,0,0,0,0,0,0,0,0,0,1
22,8,4,560,352,4,144,4,144,11.81,5.9,826.67,519.62,1346.29,17.71,88,88,70.0,88,88,88.0,0,0,0,1,1,0,0,0,0,1,0,0,0,1,0,0
52136,4,0,352,0,4,144,0,0,6.2,0.0,546.0,0.0,546.0,6.2,88,88,88.0,0,0,0,0,0,0,1,1,0,0,0,0,0,0,0,0,0,0,1
22,4,2,280,192,2,72,2,88,6.88,3.44,481.82,330.39,812.21,10.32,88,88,70.0,96,96,96.0,0,0,0,1,1,0,0,0,0,1,0,0,0,1,0,0
52136,3,0,288,0,3,132,0,0,2.92,0.0,280.46,0.0,280.46,2.92,96,96,96.0,0,0,0,0,0,0,1,1,0,0,0,0,0,0,0,0,0,0,1
22,18,9,1260,840,9,324,9,372,19.09,9.54,1336.3,890.86,2227.16,28.63,88,88,70.0,96,96,93.33333333333333,0,0,0,1,1,0,0,0,0,1,0,0,0,1,0,0
52136,9,0,832,0,9,364,0,0,9.08,0.0,839.26,0.0,839.26,9.08,96,96,92.44444444444444,0,0,0,0,0,0,1,1,0,0,0,0,0,0,0,0,0,0,1
22,3,1,228,88,2,72,1,36,3.16,1.05,240.47,92.81,333.28,4.21,88,88,76.0,88,88,88.0,0,0,0,1,1,0,0,0,0,1,0,0,0,1,0,0
52136,3,0,952,0,1,796,0,0,17.34,0.0,5502.04,0.0,5502.04,17.34,848,848,317.3333333333333,0,0,0,0,0,0,1,1,0,0,0,0,0,0,0,0,0,0,1
56168,3,4,200,1040,1,44,2,832,18.54,24.72,1235.8,6426.17,7661.97,43.26,96,96,66.66666666666667,672,672,260.0,0,0,0,1,1,0,0,0,0,0,0,0,0,0,0,1
52136,17,0,6124,0,11,5240,0,0,17.6,0.0,6338.36,0.0,6338.36,17.6,1500,1500,360.2352941176471,0,0,0,0,0,0,1,1,0,0,0,0,0,0,0,0,0,0,1
22,20,16,1256,6180,6,216,13,5348,21.36,17.09,1341.64,6601.4,7943.04,38.45,88,88,62.8,1536,1536,386.25,0,0,0,1,1,0,0,0,0,1,0,0,0,1,0,0
22,2,1,148,88,1,44,1,36,442.97,221.49,32780.11,19490.88,52270.990000000005,664.46,96,96,74.0,88,88,88.0,0,0,0,1,1,0,0,0,0,1,0,0,0,1,0,0
52136,2,0,140,0,1,36,0,0,1.91,0.0,133.65,0.0,133.65,1.91,88,88,70.0,0,0,0,0,0,0,1,1,0,0,0,0,0,0,0,0,0,0,1
22,10,10,672,1368,4,152,5,228,10.9,10.9,732.74,1491.65,2224.3900000000003,21.8,96,96,67.2,672,672,136.8,0,0,0,1,1,0,0,0,0,1,0,0,0,1,0,0
52136,11,0,1476,0,5,892,0,0,11.14,0.0,1495.14,0.0,1495.14,11.14,672,672,134.1818181818182,0,0,0,0,0,0,1,1,0,0,0,0,0,0,0,0,0,0,1
22,4,2,280,240,2,72,2,136,21.52,10.76,1506.4,1291.2,2797.6000000000004,32.28,88,88,70.0,120,120,120.0,0,0,0,1,1,0,0,0,0,1,0,0,0,1,0,0
22,5,3,368,264,3,108,3,108,5.03,3.02,370.52,265.81,636.3299999999999,8.05,88,88,73.6,88,88,88.0,0,0,0,1,1,0,0,0,0,1,0,0,0,1,0,0
52136,4,0,352,0,4,144,0,0,3.86,0.0,339.62,0.0,339.62,3.86,88,88,88.0,0,0,0,0,0,0,1,1,0,0,0,0,0,0,0,0,0,0,1
22,12,7,768,3744,4,144,7,3380,19.21,11.21,1229.54,5994.03,7223.57,30.42,88,88,64.0,1288,1288,534.8571428571429,0,0,0,1,1,0,0,0,0,1,0,0,0,1,0,0
52136,6,0,3656,0,6,3344,0,0,12.7,0.0,7736.44,0.0,7736.44,12.7,1288,1288,609.3333333333334,0,0,0,0,0,0,1,1,0,0,0,0,0,0,0,0,0,0,1
22,6,3,444,280,3,132,3,124,6.49,3.24,479.91,302.64,782.55,9.73,96,96,74.0,96,96,93.33333333333333,0,0,0,1,1,0,0,0,0,1,0,0,0,1,0,0
52136,3,0,280,0,2,80,0,0,3.24,0.0,302.43,0.0,302.43,3.24,96,96,93.33333333333333,0,0,0,0,0,0,1,1,0,0,0,0,0,0,0,0,0,0,1
22,6,3,444,264,3,132,3,108,7.53,3.77,557.32,331.38,888.7,11.3,96,96,74.0,88,88,88.0,0,0,0,1,1,0,0,0,0,1,0,0,0,1,0,0
52136,4,0,352,0,4,144,0,0,3.93,0.0,345.92,0.0,345.92,3.93,88,88,88.0,0,0,0,0,0,0,1,1,0,0,0,0,0,0,0,0,0,0,1
22,6,3,444,264,3,132,3,108,8.08,4.04,598.16,355.66,953.8199999999999,12.120000000000001,96,96,74.0,88,88,88.0,0,0,0,1,1,0,0,0,0,1,0,0,0,1,0,0
52136,2,0,176,0,2,72,0,0,4.09,0.0,359.57,0.0,359.57,4.09,88,88,88.0,0,0,0,0,0,0,1,1,0,0,0,0,0,0,0,0,0,0,1
56168,1,1,52,256,0,0,1,204,80.91,80.91,4207.57,20714.21,24921.78,161.82,52,52,52.0,256,256,256,0,0,0,1,1,0,0,0,0,0,0,0,0,0,0,1
52136,1,0,256,0,1,204,0,0,0,0,0,0,0,0,256,256,256,0,0,0,0,0,0,1,1,0,0,0,0,0,0,0,0,0,0,1
22,11,6,752,2920,5,180,6,2608,17.84,9.73,1219.48,4735.21,5954.6900000000005,27.57,88,88,68.36363636363636,2400,2400,486.6666666666667,0,0,0,1,1,0,0,0,0,1,0,0,0,1,0,0
52136,6,0,2920,0,6,2608,0,0,10.3,0.0,5010.25,0.0,5010.25,10.3,2400,2400,486.6666666666667,0,0,0,0,0,0,1,1,0,0,0,0,0,0,0,0,0,0,1
22,11,6,752,3936,5,180,6,3624,16.41,8.95,1122.04,5872.82,6994.86,25.36,88,88,68.36363636363636,3112,3112,656.0,0,0,0,1,1,0,0,0,0,1,0,0,0,1,0,0
52136,7,0,3988,0,7,3624,0,0,10.81,0.0,6160.26,0.0,6160.26,10.81,2948,2948,569.7142857142857,0,0,0,0,0,0,1,1,0,0,0,0,0,0,0,0,0,0,1
22,12,7,804,808,5,180,7,444,15.08,8.79,1010.12,1015.14,2025.26,23.869999999999997,88,88,67.0,184,184,115.42857142857143,0,0,0,1,1,0,0,0,0,1,0,0,0,1,0,0
52136,7,0,808,0,7,444,0,0,9.06,0.0,1046.28,0.0,1046.28,9.06,184,184,115.42857142857143,0,0,0,0,0,0,1,1,0,0,0,0,0,0,0,0,0,0,1
22,6,3,420,264,3,108,2,72,6.76,3.38,473.28,297.49,770.77,10.14,88,88,70.0,88,88,88.0,0,0,0,1,1,0,0,0,0,1,0,0,0,1,0,0
52136,3,0,264,0,3,108,0,0,3.47,0.0,305.59,0.0,305.59,3.47,88,88,88.0,0,0,0,0,0,0,1,1,0,0,0,0,0,0,0,0,0,0,1
22,12,10,696,1232,2,72,10,712,28.1,23.41,1629.51,2884.42,4513.93,51.510000000000005,88,88,58.0,232,232,123.2,0,0,0,1,1,0,0,0,0,1,0,0,0,1,0,0
52136,7,0,968,0,7,604,0,0,17.35,0.0,2399.27,0.0,2399.27,17.35,232,232,138.28571428571428,0,0,0,0,0,0,1,1,0,0,0,0,0,0,0,0,0,0,1
22,16,9,1108,1044,7,276,7,576,22.7,12.77,1571.73,1480.95,3052.6800000000003,35.47,112,112,69.25,228,228,116.0,1,0,0,1,1,0,0,0,0,1,0,0,0,1,0,0
52136,13,0,2288,0,13,1612,0,0,18.01,0.0,3170.13,0.0,3170.13,18.01,816,816,176.0,0,0,0,0,0,0,1,1,0,0,0,0,0,0,0,0,0,0,1
52136,13,0,1560,0,12,884,0,0,14.38,0.0,1725.3,0.0,1725.3,14.38,228,228,120.0,0,0,0,1,0,0,1,1,0,0,0,0,0,0,0,0,0,0,1
80,5,5,355,416,0,0,0,0,10.25,10.25,727.98,853.07,1581.0500000000002,20.5,139,139,71.0,200,200,83.2,1,1,0,1,1,0,0,0,0,0,0,1,0,1,0,0
80,1,0,60,0,0,0,0,0,0,0,0,0,0,0,60,60,60,0,0,0,0,1,0,0,0,0,0,0,0,0,0,1,0,1,0,0
80,1,0,60,0,0,0,0,0,0,0,0,0,0,0,60,60,60,0,0,0,0,1,0,0,0,0,0,0,0,0,0,1,0,1,0,0
80,7,0,459,0,0,0,0,0,7.81,0.0,512.24,0.0,512.24,7.81,139,139,65.57142857142857,0,0,0,1,1,0,1,1,0,0,0,0,0,0,1,0,1,0,0
80,5,5,355,416,0,0,0,0,10.13,10.13,719.1,842.67,1561.77,20.26,139,139,71.0,200,200,83.2,1,1,0,1,1,0,0,0,0,0,0,1,0,1,0,0
80,7,0,459,0,0,0,0,0,8.52,0.0,558.37,0.0,558.37,8.52,139,139,65.57142857142857,0,0,0,1,1,0,1,1,0,0,0,0,0,0,1,0,1,0,0
80,6,5,407,416,0,0,0,0,12.2,10.17,827.81,846.11,1673.92,22.369999999999997,139,139,67.83333333333333,200,200,83.2,1,1,0,1,1,0,0,0,0,0,0,1,0,1,0,0
80,1,0,60,0,0,0,0,0,0,0,0,0,0,0,60,60,60,0,0,0,0,1,0,0,0,0,0,0,0,0,0,1,0,1,0,0
80,1,0,60,0,0,0,0,0,0,0,0,0,0,0,60,60,60,0,0,0,0,1,0,0,0,0,0,0,0,0,0,1,0,1,0,0
80,1,0,60,0,0,0,0,0,0,0,0,0,0,0,60,60,60,0,0,0,0,1,0,0,0,0,0,0,0,0,0,1,0,1,0,0
80,1,0,60,0,0,0,0,0,0,0,0,0,0,0,60,60,60,0,0,0,0,1,0,0,0,0,0,0,0,0,0,1,0,1,0,0
80,1,0,60,0,0,0,0,0,0,0,0,0,0,0,60,60,60,0,0,0,0,1,0,0,0,0,0,0,0,0,0,1,0,1,0,0
80,1,0,60,0,0,0,0,0,0,0,0,0,0,0,60,60,60,0,0,0,0,1,0,0,0,0,0,0,0,0,0,1,0,1,0,0
80,1,0,60,0,0,0,0,0,0,0,0,0,0,0,60,60,60,0,0,0,0,1,0,0,0,0,0,0,0,0,0,1,0,1,0,0
80,6,0,494,0,0,0,0,0,6.75,0.0,555.67,0.0,555.67,6.75,139,139,82.33333333333333,0,0,0,1,1,0,1,1,0,0,0,0,0,0,1,0,1,0,0
80,1,0,60,0,0,0,0,0,0,0,0,0,0,0,60,60,60,0,0,0,0,1,0,0,0,0,0,0,0,0,0,1,0,1,0,0
80,1,0,60,0,0,0,0,0,0,0,0,0,0,0,60,60,60,0,0,0,0,1,0,0,0,0,0,0,0,0,0,1,0,1,0,0
80,6,0,407,0,0,0,0,0,14.92,0.0,1012.15,0.0,1012.15,14.92,139,139,67.83333333333333,0,0,0,1,1,0,1,1,0,0,0,0,0,0,1,0,1,0,0
